amount,transaction_hour,merchant_category,foreign_transaction,location_mismatch,device_trust_score,velocity_last_24h,cardholder_age
40.96,6,Food,0,1,82,2,51
57.07,6,Electronics,0,0,42,2,18
44.24,0,Grocery,0,0,26,2,25
396.8,23,Clothing,0,0,97,1,34
20.13,0,Food,0,0,91,1,28
129.82,4,Clothing,0,0,82,0,40
152.2,8,Travel,0,0,65,2,30
293.74,22,Travel,0,0,35,1,54
86.02,7,Electronics,0,0,99,2,45
335.42,16,Clothing,0,0,76,2,39
51.05,14,Clothing,0,0,60,3,59
315.12,17,Food,0,0,78,1,46
123.44,6,Clothing,0,0,55,2,65
364.63,23,Travel,0,0,82,4,44
10.47,11,Travel,0,0,75,3,43
315.34,10,Electronics,0,0,58,2,25
98.95,11,Clothing,0,0,80,0,24
474.99,10,Grocery,1,0,49,4,36
143.5,14,Clothing,0,0,68,3,51
14.06,12,Electronics,0,0,57,1,18
295.27,19,Electronics,0,0,97,6,63
465.41,16,Grocery,0,0,32,1,61
165.17,7,Food,0,0,88,4,37
0.16,1,Grocery,0,0,77,2,30
105.27,21,Clothing,0,0,63,1,36
234.68,7,Grocery,0,0,69,2,36
136.79,7,Electronics,0,0,26,1,66
129.42,3,Clothing,0,0,93,3,49
29.62,4,Grocery,0,0,57,1,62
21.5,5,Grocery,0,0,74,3,68
526.0,23,Clothing,0,0,91,1,27
80.61,6,Electronics,0,0,41,3,48
295.08,18,Travel,0,0,89,1,65
39.33,18,Food,0,0,54,2,43
155.78,16,Travel,0,0,46,4,18
52.36,14,Clothing,1,0,63,2,29
191.05,22,Grocery,0,1,30,4,60
98.73,9,Clothing,0,0,40,3,25
7.94,14,Clothing,0,0,84,2,59
108.69,21,Electronics,0,0,69,1,48
17.12,4,Grocery,0,0,41,3,48
132.32,9,Travel,0,0,63,0,46
90.4,15,Food,0,0,67,3,21
29.82,7,Food,0,0,30,5,43
31.53,17,Food,0,0,87,2,52
32.88,3,Travel,0,0,83,5,37
171.33,22,Travel,0,0,50,1,53
195.97,11,Clothing,1,0,81,0,26
228.14,6,Electronics,1,0,48,2,42
93.78,8,Food,0,0,94,0,45
198.43,14,Grocery,1,0,88,0,50
138.55,4,Travel,0,0,31,2,22
207.38,9,Food,0,0,28,1,53
0.94,6,Travel,0,0,82,1,18
59.77,12,Travel,1,0,92,1,45
230.47,11,Electronics,0,0,89,1,41
469.14,14,Grocery,1,0,31,4,58
10.84,22,Food,0,0,90,2,40
121.86,9,Travel,0,0,31,1,36
393.59,18,Food,0,0,45,2,46
115.86,11,Food,1,0,57,2,42
61.65,23,Clothing,0,0,33,0,60
67.88,6,Travel,0,0,30,3,50
69.09,16,Electronics,0,0,52,2,40
510.29,6,Grocery,0,1,80,3,67
123.27,16,Food,0,0,71,4,23
275.34,20,Clothing,0,0,84,3,39
18.33,15,Grocery,0,0,70,2,58
21.5,21,Grocery,0,0,74,2,21
33.24,2,Grocery,0,0,89,2,37
70.13,17,Electronics,1,0,46,3,51
38.48,21,Food,0,0,36,4,58
570.49,14,Electronics,0,0,62,4,56
210.54,10,Food,0,0,68,1,54
104.87,23,Clothing,0,0,72,1,57
78.51,8,Electronics,0,0,26,1,18
36.66,13,Travel,0,1,28,1,40
296.52,0,Electronics,0,0,99,3,18
130.22,0,Grocery,0,0,65,0,26
4.49,4,Food,0,0,54,0,30
3.29,23,Electronics,0,0,48,2,29
70.6,22,Food,0,0,46,2,43
59.11,19,Grocery,0,0,45,1,43
517.88,23,Travel,0,0,80,6,30
41.0,2,Food,0,0,85,3,57
8.37,16,Travel,0,0,98,2,39
95.86,21,Travel,0,0,88,2,62
542.04,8,Clothing,0,0,81,0,25
24.55,21,Clothing,1,0,91,3,56
142.31,4,Clothing,1,0,65,2,41
48.81,16,Travel,0,0,53,4,46
340.82,9,Travel,0,0,76,2,48
10.36,11,Travel,0,0,67,2,54
31.95,16,Electronics,1,0,42,2,64
136.41,11,Electronics,0,0,40,3,57
13.24,22,Electronics,0,0,64,4,62
28.55,14,Clothing,0,0,96,2,32
0.24,13,Clothing,0,0,30,3,53
251.51,22,Grocery,0,0,56,2,41
20.92,17,Food,0,0,30,2,62
199.97,21,Food,0,1,79,3,63
172.1,13,Electronics,0,0,89,2,49
25.28,1,Electronics,0,0,92,2,49
202.91,1,Electronics,0,0,46,0,68
285.35,11,Food,0,0,29,2,28
357.37,13,Clothing,1,0,68,4,49
136.83,13,Electronics,0,0,30,3,20
18.44,8,Clothing,0,0,80,4,53
205.23,2,Food,0,0,40,4,64
428.43,0,Travel,0,1,66,1,25
723.9,8,Food,0,0,93,2,42
32.9,17,Electronics,0,0,57,2,46
504.92,19,Electronics,0,0,56,1,59
529.59,4,Clothing,0,0,53,1,24
306.46,6,Grocery,0,0,46,1,31
121.07,5,Grocery,0,0,37,1,68
19.33,10,Clothing,0,0,59,2,68
29.36,19,Clothing,0,0,26,3,44
231.35,23,Electronics,0,0,62,2,67
607.77,21,Travel,0,0,86,1,67
185.55,12,Electronics,0,0,51,0,27
36.88,19,Electronics,0,0,44,1,46
218.3,0,Electronics,0,0,66,1,47
156.49,18,Travel,0,0,36,3,68
858.88,13,Food,0,0,82,3,49
105.93,2,Food,0,0,73,2,56
209.89,11,Food,0,0,25,1,53
360.84,15,Food,0,0,42,2,29
118.03,4,Food,0,0,96,2,57
29.55,14,Electronics,1,0,81,2,40
324.59,19,Clothing,0,0,39,4,44
84.47,6,Grocery,1,0,48,1,46
95.21,13,Food,0,0,82,3,39
156.76,10,Grocery,1,0,92,1,31
321.5,4,Grocery,0,0,85,1,44
24.05,13,Clothing,0,0,31,1,23
111.58,8,Travel,0,0,60,3,26
285.09,6,Travel,0,0,35,3,58
39.42,6,Electronics,1,0,68,2,42
105.31,11,Grocery,1,0,37,2,19
237.21,13,Travel,0,0,53,1,67
41.22,10,Electronics,0,0,91,3,69
3.25,18,Food,0,0,70,2,67
100.08,10,Clothing,0,0,92,2,19
434.98,19,Food,1,0,61,3,29
643.94,1,Grocery,0,0,74,1,64
103.4,13,Food,0,0,98,1,69
99.75,21,Travel,0,0,27,0,30
92.4,5,Electronics,0,0,99,3,59
362.59,11,Grocery,0,0,37,1,30
135.73,18,Grocery,0,0,25,3,42
227.6,12,Electronics,0,0,31,0,34
61.32,14,Electronics,0,0,81,0,21
195.53,1,Grocery,0,0,39,3,46
275.4,5,Food,0,0,26,2,37
1227.01,9,Clothing,0,0,52,3,29
32.54,9,Electronics,0,0,72,3,46
35.36,11,Grocery,0,0,95,4,65
42.55,0,Food,0,0,27,5,41
188.05,9,Food,0,1,64,2,50
372.71,13,Clothing,0,0,26,1,20
57.0,5,Clothing,0,0,75,3,57
48.13,12,Clothing,0,0,97,2,31
56.89,7,Clothing,0,0,38,4,53
80.12,22,Travel,0,0,34,1,43
7.15,23,Electronics,0,0,59,1,47
59.13,23,Travel,0,0,64,3,38
201.44,20,Grocery,1,0,37,4,22
39.17,20,Travel,0,0,56,2,44
146.83,2,Food,0,1,94,4,48
120.8,20,Clothing,0,0,45,2,29
132.96,17,Clothing,0,1,73,4,42
437.04,4,Electronics,0,1,64,2,68
363.18,2,Travel,0,0,90,1,41
175.66,2,Travel,0,1,49,2,46
27.6,20,Grocery,0,0,53,2,56
113.51,1,Clothing,0,0,51,1,28
14.46,8,Food,0,0,68,0,22
53.07,20,Clothing,0,1,49,3,58
66.74,7,Food,0,1,67,5,40
28.68,0,Travel,0,0,55,0,68
232.68,18,Travel,1,0,29,1,58
57.26,11,Travel,0,0,88,2,22
120.37,8,Clothing,0,0,45,2,23
39.48,12,Food,0,0,81,3,56
187.16,3,Grocery,0,1,70,4,65
102.58,10,Electronics,0,1,37,4,54
275.43,11,Food,0,0,85,3,21
66.6,16,Clothing,0,0,32,4,55
9.61,4,Grocery,0,0,94,2,46
131.77,5,Electronics,0,0,92,2,23
41.14,17,Travel,0,0,65,0,35
87.04,13,Travel,0,1,74,3,22
275.65,12,Clothing,0,1,84,0,38
305.49,21,Electronics,0,0,75,2,32
22.35,10,Travel,0,0,67,1,23
120.92,7,Food,0,0,94,2,23
334.02,14,Travel,0,0,92,3,68
121.91,19,Food,0,0,35,0,39
410.04,5,Clothing,0,0,70,3,25
131.23,13,Electronics,0,0,69,1,62
299.18,14,Clothing,0,0,60,3,43
303.13,3,Electronics,0,0,61,1,20
78.24,4,Food,0,0,81,1,33
36.12,8,Electronics,1,1,51,1,20
184.4,6,Electronics,0,0,26,2,35
214.77,11,Electronics,0,0,73,1,18
247.2,8,Clothing,0,0,89,3,34
73.66,7,Clothing,0,0,74,3,38
39.37,9,Grocery,0,0,57,0,31
151.7,20,Travel,0,0,99,5,68
16.54,7,Grocery,1,1,48,1,43
425.31,13,Clothing,1,0,26,3,41
104.21,6,Travel,0,1,43,2,34
55.48,3,Travel,1,1,40,2,55
99.89,22,Electronics,0,0,56,1,49
41.74,16,Food,0,0,95,3,47
137.95,14,Clothing,0,0,83,2,31
44.43,7,Grocery,0,0,25,1,67
147.05,15,Clothing,1,0,30,2,27
82.18,4,Grocery,0,1,61,2,18
346.77,8,Food,0,1,59,2,26
195.71,15,Electronics,0,0,53,0,53
25.86,6,Grocery,0,0,41,4,61
220.49,19,Electronics,0,1,91,2,56
137.18,0,Food,0,1,29,2,52
225.52,11,Travel,0,0,25,2,31
35.1,10,Food,0,0,49,3,48
17.27,1,Clothing,0,0,50,5,56
624.57,8,Clothing,0,0,93,1,20
17.23,10,Travel,0,0,99,1,48
541.05,15,Electronics,0,1,69,2,66
52.66,9,Food,0,0,93,2,67
251.27,20,Electronics,0,1,99,3,47
22.22,3,Grocery,0,0,28,4,45
624.21,21,Grocery,0,1,26,1,41
155.95,2,Electronics,0,0,94,2,42
183.38,6,Clothing,0,0,28,1,65
149.31,5,Clothing,0,0,28,4,51
369.4,15,Food,0,0,93,3,32
556.87,0,Electronics,0,0,81,1,49
1.17,19,Travel,0,0,47,2,60
32.18,17,Grocery,0,0,54,5,48
499.01,9,Food,0,0,49,2,41
266.23,4,Clothing,0,0,69,1,26
132.66,23,Clothing,0,0,96,1,33
42.49,5,Electronics,0,0,31,1,33
26.42,10,Food,0,0,68,3,31
251.27,8,Clothing,0,0,40,1,34
103.6,15,Travel,0,0,54,2,54
380.46,6,Travel,0,0,82,1,45
45.1,20,Clothing,0,0,86,3,40
143.39,11,Food,0,0,83,4,54
701.79,2,Travel,1,1,94,1,20
49.75,11,Travel,0,0,79,2,34
220.39,23,Food,0,0,50,2,41
44.9,9,Electronics,0,0,67,1,44
341.43,14,Electronics,1,0,71,4,18
35.54,5,Clothing,1,0,66,2,25
21.43,10,Clothing,0,0,98,3,44
239.5,20,Clothing,0,0,92,0,62
48.23,21,Electronics,0,0,96,0,29
791.2,6,Travel,0,1,48,4,25
33.35,15,Travel,0,0,88,2,50
241.0,5,Grocery,0,0,64,1,51
85.24,17,Grocery,0,0,72,2,55
76.81,2,Electronics,0,0,32,2,27
42.61,17,Electronics,0,0,38,3,19
269.79,17,Travel,0,1,52,1,33
194.35,8,Clothing,0,0,42,2,57
132.47,21,Travel,0,0,88,2,19
325.55,22,Grocery,0,0,57,2,23
95.78,21,Food,0,0,52,1,49
31.01,21,Electronics,0,0,92,4,41
463.23,1,Travel,0,0,63,1,52
289.62,15,Travel,0,1,46,1,44
0.01,3,Clothing,0,0,78,1,34
339.34,10,Travel,0,0,70,3,30
73.18,13,Electronics,0,0,56,2,47
175.95,17,Food,0,0,52,4,27
642.2,6,Electronics,0,0,78,1,52
50.97,15,Food,0,0,89,0,63
13.17,4,Grocery,0,0,61,2,29
305.66,17,Grocery,0,0,68,3,23
305.35,11,Electronics,0,0,58,3,50
244.94,2,Travel,0,0,27,1,32
303.22,6,Travel,0,0,73,1,69
35.42,12,Electronics,0,0,98,1,54
5.75,1,Travel,0,0,91,1,50
91.11,10,Travel,0,0,64,1,64
361.87,12,Clothing,0,0,62,2,37
42.88,2,Electronics,1,0,45,3,58
37.71,20,Electronics,0,0,43,0,18
20.1,15,Grocery,0,0,79,0,69
868.26,8,Electronics,0,0,99,3,69
24.09,7,Electronics,0,0,52,3,57
33.7,20,Clothing,0,0,28,1,43
19.34,0,Travel,0,0,26,2,40
43.11,5,Electronics,0,0,30,2,21
181.49,20,Clothing,0,0,41,4,20
88.6,19,Electronics,0,0,34,1,25
16.82,19,Travel,0,0,32,1,53
164.65,18,Electronics,0,0,33,2,58
56.79,2,Clothing,0,0,42,0,30
1.04,17,Grocery,0,0,53,2,38
15.67,0,Grocery,0,0,93,5,39
129.17,8,Food,0,0,51,1,23
14.4,9,Electronics,0,0,58,2,22
9.35,21,Electronics,0,0,54,5,24
257.47,14,Grocery,0,0,69,2,64
176.02,5,Travel,0,0,60,2,37
253.27,15,Grocery,0,1,99,1,56
100.97,0,Travel,1,0,43,0,49
1.99,17,Electronics,0,0,81,0,23
215.2,16,Clothing,0,0,73,3,40
0.91,14,Grocery,0,0,84,3,52
495.26,9,Travel,0,0,59,2,23
295.83,7,Grocery,0,0,46,2,26
185.62,16,Grocery,0,1,63,1,65
23.64,11,Food,0,0,97,1,57
69.56,4,Travel,0,0,92,2,44
6.19,9,Travel,0,0,91,1,27
260.19,11,Clothing,0,0,36,4,31
176.95,10,Travel,1,0,85,2,53
10.1,10,Electronics,0,0,47,1,23
96.0,15,Food,1,0,34,2,21
37.24,19,Clothing,0,0,43,2,28
159.43,6,Grocery,0,0,35,6,29
69.59,3,Electronics,0,0,36,1,50
101.97,20,Clothing,0,0,55,3,18
140.47,3,Travel,0,0,87,5,22
127.53,17,Food,0,0,37,4,57
141.67,17,Electronics,0,0,38,2,63
78.49,0,Food,0,0,74,6,32
155.86,10,Food,0,0,96,1,60
91.14,3,Clothing,0,0,64,2,66
182.6,14,Food,0,0,31,3,34
41.27,16,Electronics,0,0,30,2,52
872.17,3,Travel,1,0,69,1,18
82.68,3,Food,0,0,70,0,63
226.03,0,Electronics,0,0,48,1,60
44.44,6,Food,0,0,44,5,45
85.16,18,Food,0,0,60,2,60
77.23,6,Electronics,0,0,73,2,39
101.32,8,Clothing,0,0,46,0,33
158.59,0,Clothing,0,0,73,4,24
220.64,7,Electronics,0,0,39,2,53
157.46,14,Food,0,0,47,3,20
324.27,8,Electronics,0,0,55,5,49
562.16,23,Travel,0,0,98,2,59
275.18,2,Grocery,0,0,59,3,59
25.69,7,Electronics,0,0,57,4,22
33.13,17,Grocery,0,0,81,1,56
58.35,0,Travel,0,1,29,4,49
35.16,19,Food,0,0,31,3,65
71.92,22,Electronics,0,0,26,3,21
640.62,18,Grocery,0,0,64,1,65
198.78,6,Clothing,0,0,42,2,56
7.7,4,Travel,0,0,75,0,54
219.77,14,Food,0,0,86,1,33
113.83,22,Food,0,0,48,3,29
119.84,6,Electronics,0,0,51,4,68
118.71,11,Clothing,0,0,89,2,62
232.85,14,Grocery,0,0,27,2,29
250.85,2,Food,0,0,30,1,50
274.01,19,Travel,0,1,42,3,37
82.51,20,Travel,0,0,78,4,65
200.19,7,Grocery,0,0,73,0,55
175.96,2,Grocery,0,0,78,0,34
515.37,21,Grocery,0,0,60,2,42
298.02,18,Clothing,0,0,61,1,36
493.1,12,Electronics,1,0,64,0,47
350.02,21,Food,0,0,35,4,56
84.21,13,Electronics,0,0,90,1,56
27.1,13,Travel,0,0,80,3,27
265.3,12,Travel,0,1,55,4,65
97.42,8,Travel,0,0,35,1,47
107.79,3,Electronics,0,0,38,5,18
135.05,21,Travel,0,0,92,1,50
121.08,18,Food,0,0,58,1,27
258.62,14,Grocery,0,0,27,2,31
495.15,6,Food,0,0,96,2,32
175.87,3,Grocery,0,0,74,3,50
335.52,11,Grocery,0,0,33,1,18
31.92,10,Clothing,0,0,38,1,22
671.5,22,Travel,0,0,59,1,56
24.41,12,Food,0,0,74,3,57
150.83,2,Travel,0,0,85,2,33
31.45,13,Travel,0,0,80,4,43
74.07,12,Travel,0,0,55,1,67
17.2,21,Clothing,0,0,27,1,27
91.31,0,Grocery,0,1,33,3,33
158.66,5,Electronics,0,1,97,1,51
336.65,11,Food,0,0,33,2,51
14.73,17,Electronics,0,0,85,2,37
38.17,11,Grocery,0,0,42,1,69
106.56,2,Food,0,0,72,2,18
326.37,14,Clothing,0,0,43,4,23
90.12,9,Travel,0,0,45,3,41
15.35,7,Travel,0,1,25,2,37
86.03,8,Clothing,0,0,91,3,64
87.87,17,Food,0,0,40,1,56
544.51,6,Electronics,0,0,53,3,19
240.32,11,Clothing,0,0,41,1,52
254.45,5,Travel,0,0,93,2,42
273.06,1,Grocery,0,0,83,2,38
4.37,19,Grocery,0,0,83,4,49
217.37,20,Travel,1,1,30,2,55
195.23,10,Clothing,0,0,81,0,28
191.03,9,Clothing,0,1,57,3,37
58.32,1,Grocery,0,1,66,3,22
28.1,3,Food,0,0,28,2,52
269.94,18,Clothing,0,0,97,2,36
9.79,13,Clothing,0,0,61,2,32
76.21,6,Grocery,0,0,41,1,25
465.39,0,Food,0,0,64,0,29
48.47,4,Food,0,0,58,4,55
55.76,4,Electronics,1,0,76,1,51
56.44,9,Clothing,0,0,97,3,42
8.78,9,Clothing,0,0,46,1,33
24.49,17,Grocery,1,0,96,5,53
193.61,17,Travel,1,0,77,2,20
51.37,6,Food,0,0,49,0,27
487.66,7,Electronics,0,0,89,3,58
152.71,0,Travel,0,0,94,4,40
42.59,2,Food,0,1,46,2,25
169.59,17,Travel,0,1,33,1,43
132.63,0,Food,1,0,91,1,43
316.41,4,Food,0,1,81,3,29
32.33,23,Travel,0,0,48,3,42
175.83,18,Electronics,0,0,79,2,20
79.72,0,Food,0,0,38,0,44
103.15,20,Grocery,1,0,68,5,49
303.67,16,Grocery,0,0,45,2,33
518.16,20,Electronics,0,0,30,2,19
68.69,8,Electronics,0,0,28,0,38
31.46,18,Electronics,1,0,84,2,21
117.9,13,Clothing,0,0,74,2,61
364.49,13,Food,0,0,93,2,29
403.93,12,Clothing,0,0,45,1,18
116.04,17,Electronics,0,0,62,4,31
444.6,11,Clothing,0,0,50,2,67
119.03,12,Electronics,0,0,92,3,56
436.61,20,Grocery,0,0,44,1,59
78.77,13,Grocery,0,0,33,1,19
23.68,21,Electronics,0,0,41,1,48
1209.52,3,Clothing,0,0,68,3,51
230.6,7,Travel,1,0,88,2,42
10.58,12,Electronics,0,0,35,1,30
226.15,21,Electronics,1,0,34,0,43
138.38,22,Grocery,0,0,94,2,23
63.0,15,Clothing,0,1,64,2,31
211.78,17,Travel,0,0,47,2,41
97.54,6,Electronics,0,0,47,1,51
94.87,12,Travel,0,0,71,2,61
204.88,12,Electronics,0,0,89,1,19
482.54,21,Food,0,0,56,3,56
135.86,0,Food,0,1,81,3,24
43.47,19,Food,0,0,80,0,62
25.14,23,Food,0,0,38,2,24
305.81,2,Electronics,0,0,69,0,19
44.17,16,Clothing,0,0,78,3,49
7.21,22,Electronics,0,0,79,1,61
24.47,17,Travel,0,0,56,2,56
477.14,21,Travel,0,0,70,2,25
111.1,7,Travel,0,1,46,2,67
187.85,22,Travel,0,0,28,2,45
48.82,9,Grocery,0,0,96,3,35
348.45,8,Travel,0,0,75,1,35
24.23,7,Clothing,0,0,66,1,30
163.64,12,Clothing,1,0,90,3,21
289.75,21,Grocery,0,0,41,2,22
36.0,8,Food,0,0,81,1,29
129.83,18,Electronics,1,0,74,2,57
14.97,19,Clothing,0,0,61,1,46
56.6,13,Food,0,0,45,2,28
112.79,7,Clothing,0,0,97,1,39
240.09,7,Electronics,0,0,35,2,65
251.32,17,Grocery,0,0,48,1,38
105.11,23,Food,1,1,84,3,47
157.32,16,Grocery,0,0,63,2,21
301.23,12,Clothing,0,0,49,1,59
29.38,19,Clothing,0,0,86,1,66
361.83,5,Travel,0,0,56,2,39
21.06,0,Food,0,0,42,4,27
144.2,23,Grocery,0,0,59,1,19
322.04,11,Clothing,0,0,84,5,68
53.51,15,Electronics,0,1,26,4,59
500.41,22,Grocery,0,0,95,2,34
66.89,2,Grocery,0,0,77,1,31
259.54,5,Grocery,0,0,97,2,52
304.54,8,Electronics,0,0,87,1,50
34.31,2,Travel,0,0,99,2,50
88.87,11,Travel,0,0,89,3,26
50.79,5,Grocery,0,0,82,0,54
94.18,15,Electronics,0,0,80,1,42
39.74,21,Food,0,0,34,3,27
111.79,12,Food,0,0,29,2,35
16.33,14,Grocery,0,0,40,4,67
71.61,5,Food,1,0,63,1,34
194.29,4,Electronics,0,0,46,1,21
320.63,13,Travel,0,0,69,2,63
118.41,1,Travel,0,0,77,4,59
177.14,17,Electronics,0,0,74,5,65
74.96,23,Food,0,0,97,2,32
332.74,18,Travel,0,0,60,0,67
209.63,21,Food,0,0,47,1,49
317.59,12,Electronics,0,0,92,2,28
82.36,3,Travel,0,1,59,0,33
101.94,16,Food,0,0,60,2,63
140.01,17,Travel,0,0,95,0,27
93.1,23,Clothing,0,0,26,1,56
211.81,17,Grocery,0,0,32,2,37
51.76,12,Electronics,0,0,30,1,67
231.71,22,Grocery,0,0,57,1,59
509.33,14,Grocery,0,0,53,3,56
186.78,16,Travel,0,0,28,1,24
372.32,10,Travel,0,0,51,3,47
165.36,17,Electronics,0,0,50,1,69
51.45,19,Food,0,0,39,1,27
6.14,1,Travel,0,0,49,0,65
252.41,6,Grocery,0,0,25,2,56
135.88,23,Clothing,0,0,61,0,28
14.42,23,Clothing,0,0,37,3,47
109.92,1,Grocery,0,0,43,0,42
57.05,2,Clothing,0,0,29,0,58
45.21,13,Grocery,0,0,40,2,40
15.96,16,Food,0,0,30,1,39
1001.1,0,Grocery,0,0,64,4,32
35.38,19,Electronics,0,0,89,1,18
32.92,2,Clothing,0,0,57,4,40
313.87,21,Electronics,0,0,75,1,68
32.26,2,Travel,0,0,50,2,41
594.52,23,Travel,0,0,68,0,54
197.64,13,Electronics,0,0,39,1,48
123.15,8,Travel,0,0,75,1,67
68.6,5,Electronics,0,0,74,1,54
26.81,8,Food,0,0,96,7,25
389.08,17,Clothing,0,0,81,4,67
145.8,15,Electronics,0,0,85,2,33
11.43,8,Clothing,0,0,29,4,44
182.24,13,Electronics,0,0,39,4,28
355.2,19,Food,0,0,35,2,40
18.86,7,Travel,0,0,80,4,59
19.9,16,Grocery,0,0,77,4,57
68.39,17,Electronics,0,0,74,7,30
24.83,18,Travel,0,1,47,0,57
200.11,12,Travel,0,0,27,3,40
65.65,11,Electronics,0,0,61,4,54
60.9,21,Grocery,0,0,76,6,39
144.82,3,Electronics,0,0,58,0,48
409.79,20,Clothing,0,0,93,4,62
2.2,2,Travel,0,0,56,0,44
1.24,17,Electronics,0,0,85,1,32
38.7,17,Grocery,1,0,60,2,60
113.95,19,Travel,0,0,41,4,34
192.38,2,Travel,0,0,39,2,23
19.73,16,Travel,0,0,27,3,67
14.42,15,Food,0,0,40,2,53
402.44,19,Travel,0,0,88,1,43
132.24,8,Travel,1,0,44,3,18
289.76,5,Grocery,0,0,63,2,48
297.43,14,Travel,0,0,98,1,62
31.75,16,Travel,0,0,58,1,18
832.98,22,Travel,0,0,28,4,65
0.02,17,Grocery,0,0,37,4,50
221.48,14,Clothing,0,0,95,4,64
58.69,11,Food,0,0,99,1,42
8.08,10,Clothing,0,0,67,0,50
154.95,9,Electronics,0,1,59,1,58
89.91,0,Electronics,0,0,56,1,39
29.0,17,Electronics,0,1,26,2,42
32.16,21,Clothing,0,0,59,1,40
50.5,17,Grocery,0,0,33,1,47
116.79,4,Grocery,1,0,36,1,47
192.46,5,Clothing,0,0,31,2,27
529.05,1,Food,0,0,55,1,22
28.5,7,Electronics,1,0,69,3,37
166.65,7,Travel,0,0,52,1,56
16.01,0,Travel,0,0,72,1,64
442.48,19,Clothing,0,0,89,1,51
26.06,16,Travel,0,1,71,3,65
63.03,0,Food,0,0,75,2,61
249.65,14,Grocery,0,0,41,4,47
28.9,18,Travel,1,0,82,2,43
331.7,0,Clothing,0,0,58,1,41
30.46,10,Electronics,0,0,72,0,33
38.45,1,Clothing,0,0,40,1,26
241.02,7,Travel,0,0,28,2,36
50.35,1,Food,0,0,38,1,62
339.59,5,Travel,0,0,84,3,29
431.88,13,Grocery,0,0,96,4,62
126.17,6,Clothing,0,0,59,0,34
334.66,16,Clothing,0,0,62,1,33
146.88,5,Travel,0,0,48,3,33
295.17,19,Electronics,0,0,97,2,48
53.62,22,Electronics,0,0,49,1,41
768.73,3,Food,0,0,30,2,20
52.22,20,Travel,0,1,27,0,47
43.57,12,Clothing,0,0,25,3,66
287.83,0,Travel,0,0,33,0,49
110.77,18,Food,0,0,34,2,19
433.32,21,Travel,0,0,38,1,32
196.21,17,Grocery,0,1,53,1,59
184.44,4,Travel,0,0,85,0,66
77.7,3,Food,0,0,97,0,58
128.0,22,Clothing,0,0,53,2,46
85.78,8,Travel,0,0,55,5,55
60.26,9,Travel,1,0,79,1,34
9.1,18,Clothing,0,0,41,1,29
47.58,1,Clothing,1,0,33,0,41
325.9,12,Electronics,0,0,85,3,28
126.54,5,Grocery,0,0,48,3,57
114.68,8,Electronics,0,0,43,2,46
0.79,0,Food,1,0,74,3,56
27.49,11,Clothing,0,0,85,3,57
0.76,22,Grocery,0,0,89,2,25
22.46,3,Travel,0,0,95,2,29
9.77,18,Grocery,0,0,25,2,36
68.39,15,Grocery,0,0,82,0,55
131.44,17,Clothing,0,0,62,1,44
86.09,3,Electronics,0,0,50,1,54
369.21,23,Electronics,0,0,90,2,46
3.85,2,Grocery,0,1,69,1,57
83.79,16,Food,0,0,56,3,48
110.62,12,Food,1,0,27,2,19
155.02,3,Grocery,0,0,70,4,31
293.79,7,Travel,0,0,67,0,39
109.24,18,Travel,0,0,88,2,49
258.31,17,Grocery,0,1,47,3,29
17.29,4,Travel,0,0,62,2,47
369.02,11,Food,0,0,67,2,44
217.42,10,Travel,0,0,88,3,69
150.67,19,Grocery,0,0,42,3,23
83.69,21,Electronics,0,0,81,3,57
132.2,3,Clothing,0,0,78,0,51
5.81,9,Grocery,0,0,31,2,69
77.4,8,Grocery,0,0,50,2,33
52.31,5,Travel,1,0,56,2,41
93.0,18,Clothing,0,0,95,2,40
197.36,1,Travel,1,0,50,2,64
25.59,15,Grocery,0,0,68,1,35
393.14,22,Electronics,0,0,51,2,55
12.1,12,Electronics,0,0,72,2,53
30.3,17,Travel,0,0,78,5,65
213.24,21,Grocery,0,0,96,1,46
203.82,15,Travel,0,0,53,2,63
319.14,22,Food,0,0,41,0,62
26.55,9,Travel,1,0,81,1,25
94.87,13,Electronics,0,0,80,0,59
95.67,16,Travel,0,1,59,2,24
577.57,9,Grocery,0,0,89,3,35
447.23,0,Food,0,0,82,0,22
191.19,22,Food,0,1,35,2,50
364.09,23,Food,0,0,42,1,19
92.67,19,Food,0,0,52,4,40
261.27,13,Travel,0,1,65,1,51
36.35,0,Electronics,0,0,81,0,20
23.89,22,Travel,0,0,85,2,26
368.2,12,Clothing,0,0,74,2,35
375.65,19,Food,1,0,86,3,28
16.03,16,Clothing,0,0,75,1,64
155.25,14,Clothing,0,0,77,3,59
12.42,9,Travel,0,0,68,1,64
371.9,2,Clothing,0,0,91,2,68
477.46,7,Travel,0,0,64,4,57
35.51,21,Electronics,0,1,35,1,20
343.2,7,Clothing,0,0,99,4,28
153.01,19,Food,1,0,81,0,48
193.21,19,Grocery,0,0,63,2,69
84.2,8,Clothing,0,0,85,1,19
20.2,3,Grocery,0,0,75,1,56
37.34,11,Grocery,0,0,27,3,23
165.23,21,Clothing,0,0,33,1,38
301.65,1,Clothing,0,0,67,1,29
144.01,15,Electronics,1,0,48,0,27
518.97,6,Food,1,0,89,3,56
66.75,13,Food,1,0,40,3,57
113.62,3,Electronics,0,0,77,3,53
187.13,23,Electronics,1,0,65,0,54
828.22,8,Travel,0,0,49,1,53
6.12,3,Clothing,0,0,98,1,63
29.52,2,Grocery,0,0,26,2,36
243.1,18,Grocery,0,0,31,0,43
270.93,1,Electronics,0,0,44,3,57
6.92,12,Electronics,0,1,95,0,51
145.66,6,Clothing,0,0,29,1,26
2.66,12,Clothing,0,0,29,0,37
229.11,15,Travel,0,0,76,1,44
78.22,12,Clothing,0,0,36,1,46
78.94,22,Grocery,0,0,53,0,34
114.52,4,Clothing,0,0,66,0,64
0.67,2,Food,0,0,93,1,21
324.28,14,Clothing,0,0,69,1,37
168.53,6,Clothing,0,0,33,1,50
57.51,17,Clothing,0,1,54,0,45
62.99,23,Clothing,0,0,86,0,47
337.39,3,Food,0,0,53,1,42
136.51,4,Clothing,0,0,53,1,54
58.4,5,Clothing,0,0,50,2,36
57.13,8,Food,0,0,81,3,40
100.77,12,Grocery,0,0,90,5,39
27.25,18,Food,0,0,56,4,53
138.08,15,Travel,0,0,99,3,51
97.51,20,Grocery,0,0,95,1,18
45.71,23,Electronics,0,0,27,1,31
198.25,22,Travel,0,0,36,1,50
448.22,2,Grocery,0,0,27,2,33
63.19,11,Food,0,0,72,3,28
54.26,1,Food,0,0,60,2,69
52.78,11,Electronics,1,0,63,2,55
604.04,19,Grocery,0,0,94,5,54
476.17,1,Food,0,0,39,1,41
227.25,4,Grocery,0,0,65,2,24
517.44,22,Food,0,0,92,0,63
38.32,2,Food,0,0,95,1,49
78.86,15,Food,0,0,69,2,34
7.63,10,Grocery,0,0,99,3,21
265.54,19,Travel,0,0,72,0,68
235.42,4,Electronics,0,0,33,0,54
274.21,18,Travel,1,0,49,6,43
56.29,0,Food,0,0,57,0,39
16.54,7,Clothing,0,0,67,1,47
111.02,5,Clothing,0,0,43,6,57
163.35,2,Clothing,0,0,96,4,50
44.51,7,Clothing,0,0,25,1,24
107.06,2,Travel,0,0,27,2,65
14.24,18,Travel,0,0,56,4,65
26.5,2,Food,0,0,42,1,38
56.87,18,Food,0,0,68,1,43
24.32,15,Travel,0,0,26,1,64
177.43,18,Grocery,0,0,65,3,49
275.67,23,Clothing,0,0,52,4,51
29.29,10,Clothing,0,0,81,2,35
207.04,16,Grocery,0,0,70,2,24
47.92,4,Grocery,0,1,66,0,42
474.39,2,Food,0,0,27,3,30
532.36,9,Clothing,0,0,50,2,55
524.55,19,Travel,0,0,79,1,56
417.67,23,Food,0,0,41,2,66
103.28,6,Clothing,0,0,69,4,66
165.29,19,Food,0,0,37,2,37
398.68,12,Clothing,0,0,35,1,57
60.95,19,Clothing,0,1,64,2,46
72.68,3,Electronics,0,0,37,0,67
102.89,2,Travel,0,0,78,3,38
108.56,23,Travel,0,0,91,4,53
237.49,19,Travel,0,0,61,2,39
28.63,2,Travel,0,0,84,4,33
217.98,18,Electronics,0,0,28,2,54
36.11,16,Travel,0,0,40,4,28
268.08,3,Travel,0,0,40,2,34
52.99,12,Food,0,0,66,2,31
17.86,10,Clothing,0,0,49,0,40
104.75,3,Clothing,0,0,71,2,59
201.56,20,Clothing,0,0,30,0,26
79.93,20,Electronics,0,0,83,2,34
5.33,3,Grocery,0,0,89,4,41
61.72,23,Clothing,0,0,79,2,66
119.03,2,Grocery,0,0,28,5,18
73.6,22,Food,0,0,78,0,31
41.17,4,Grocery,0,0,65,0,27
228.51,6,Food,0,0,36,1,53
174.2,18,Food,1,0,43,0,24
258.3,17,Clothing,0,0,41,2,20
569.62,10,Electronics,0,0,63,2,67
627.85,16,Food,0,0,93,1,68
72.14,15,Grocery,0,0,47,3,20
263.93,5,Travel,0,0,57,3,35
254.17,6,Clothing,1,0,74,4,51
28.97,22,Travel,0,0,73,4,51
3.43,21,Grocery,0,0,56,1,58
695.22,10,Clothing,0,0,92,3,55
224.82,7,Travel,1,0,85,4,25
305.57,9,Electronics,0,0,72,2,25
108.93,19,Grocery,0,0,74,0,63
226.62,8,Clothing,0,0,64,1,65
16.5,12,Food,1,0,93,2,35
110.26,16,Grocery,0,0,46,2,19
14.05,7,Clothing,0,0,44,2,32
106.54,13,Clothing,0,0,52,0,42
45.75,15,Grocery,0,0,69,4,49
431.79,23,Travel,1,0,83,2,23
381.88,14,Food,0,0,69,0,53
86.1,4,Travel,0,0,55,2,38
122.01,18,Grocery,0,0,73,4,47
232.63,17,Travel,0,0,29,1,40
18.3,3,Electronics,0,0,75,2,61
43.62,17,Food,1,1,49,0,43
17.18,18,Travel,0,0,27,0,32
776.78,19,Electronics,1,0,76,2,51
81.06,6,Electronics,0,0,74,6,36
35.16,7,Food,0,0,92,2,69
18.51,20,Food,0,0,70,3,61
4.04,18,Clothing,1,0,43,0,41
130.05,3,Electronics,0,0,91,2,27
3.66,9,Grocery,0,0,98,1,19
71.9,4,Travel,0,0,64,3,60
36.96,3,Electronics,0,0,87,0,29
131.37,4,Food,0,0,43,2,52
410.79,6,Food,0,0,26,1,28
159.0,11,Travel,0,0,89,2,56
141.39,0,Food,0,0,49,5,34
278.28,16,Grocery,0,0,70,3,45
64.91,11,Electronics,0,0,92,2,64
292.46,20,Electronics,0,0,84,2,28
99.61,9,Food,1,0,81,2,32
186.83,13,Clothing,0,0,73,1,42
19.86,3,Travel,0,0,93,2,61
129.74,4,Electronics,0,0,75,4,33
116.62,0,Food,0,0,97,3,22
27.4,9,Food,0,0,67,5,28
79.01,23,Clothing,0,1,68,1,37
25.25,22,Clothing,0,0,25,3,50
393.77,8,Electronics,0,0,32,3,64
69.18,6,Clothing,0,1,85,1,42
73.41,12,Travel,0,1,38,2,34
800.09,14,Food,0,0,71,3,27
52.13,6,Electronics,0,0,38,3,34
9.04,10,Travel,0,0,81,0,56
235.13,10,Travel,0,0,48,0,25
123.96,1,Travel,0,1,57,2,24
96.55,6,Electronics,0,0,91,1,26
9.55,0,Electronics,0,0,96,1,23
198.57,1,Food,0,0,59,2,42
167.66,21,Food,0,0,51,3,20
108.41,15,Electronics,0,0,35,3,25
17.72,10,Grocery,0,0,70,1,61
35.52,8,Grocery,1,0,59,1,22
131.4,1,Travel,0,0,57,2,49
162.16,14,Grocery,0,0,97,1,42
52.57,3,Travel,0,0,81,5,21
41.34,8,Travel,0,0,90,1,56
6.59,21,Clothing,0,0,58,2,51
83.66,21,Travel,0,0,39,1,54
40.27,13,Food,1,1,31,1,57
158.2,18,Electronics,0,1,62,0,31
151.21,23,Clothing,0,0,40,2,63
230.82,21,Clothing,0,0,75,1,29
171.43,4,Travel,0,0,76,5,46
57.69,1,Travel,0,0,32,3,23
63.86,7,Clothing,0,0,35,0,52
169.54,18,Clothing,0,0,74,1,34
208.24,23,Food,0,0,77,2,53
306.13,13,Food,0,0,38,0,50
81.2,8,Food,0,0,71,1,46
137.08,19,Clothing,1,0,39,3,40
114.08,18,Electronics,0,1,27,2,20
219.19,6,Travel,0,0,49,2,26
40.29,2,Food,0,0,25,4,67
64.92,6,Grocery,0,0,99,2,26
180.99,22,Grocery,0,0,93,1,40
153.36,6,Electronics,0,0,62,2,30
364.86,18,Travel,0,0,67,2,52
320.57,14,Clothing,1,0,68,1,29
148.3,12,Clothing,0,0,29,1,50
154.66,4,Electronics,0,1,62,2,30
487.78,20,Travel,1,0,54,0,57
5.34,12,Clothing,0,0,56,3,58
59.61,11,Food,0,0,36,1,57
227.93,18,Travel,0,0,60,0,18
365.34,7,Grocery,0,0,77,1,68
177.06,6,Clothing,0,0,81,4,41
169.66,12,Grocery,0,0,32,2,59
102.71,18,Grocery,0,0,29,1,63
77.52,11,Clothing,0,0,92,2,39
3.83,10,Grocery,0,0,92,2,29
715.17,4,Food,0,0,38,3,32
26.9,20,Clothing,1,0,76,2,54
25.42,18,Grocery,0,0,68,2,41
12.42,9,Travel,0,0,58,2,44
376.86,7,Electronics,0,0,81,2,44
418.86,11,Travel,0,0,94,1,18
11.6,7,Food,1,0,49,2,46
314.99,0,Travel,0,0,69,0,56
282.28,19,Grocery,0,0,64,1,30
67.52,19,Food,1,0,34,2,26
352.2,7,Clothing,0,1,41,4,54
217.66,6,Clothing,0,0,29,2,20
160.98,4,Electronics,1,0,79,2,40
126.11,2,Electronics,0,0,32,0,64
89.59,7,Travel,0,0,55,3,45
228.3,1,Travel,0,0,72,0,52
105.67,15,Grocery,0,0,76,2,62
45.8,1,Electronics,1,0,80,2,63
258.73,21,Electronics,0,0,78,0,43
54.04,3,Clothing,0,0,45,3,68
17.77,16,Grocery,0,0,74,1,24
109.33,4,Travel,0,1,79,1,50
157.04,6,Electronics,0,0,39,1,51
380.43,3,Grocery,1,0,69,2,32
282.56,15,Food,0,0,90,1,56
209.05,17,Grocery,0,0,45,3,41
122.1,12,Grocery,0,0,26,4,33
84.3,0,Grocery,0,0,94,1,19
78.9,2,Clothing,0,0,63,2,49
521.21,14,Electronics,0,0,98,1,58
181.29,19,Grocery,0,0,69,0,40
103.94,21,Clothing,0,0,32,2,47
15.35,7,Clothing,0,0,72,3,28
140.27,19,Travel,0,0,70,4,22
411.88,22,Food,0,0,26,3,34
369.1,13,Grocery,0,0,85,4,41
46.41,5,Food,0,0,85,1,31
165.43,8,Grocery,0,0,80,0,21
90.45,14,Electronics,0,0,29,2,63
377.34,6,Clothing,0,0,73,3,18
9.28,22,Food,1,0,87,1,46
97.67,15,Clothing,0,0,58,0,49
605.76,18,Clothing,0,0,49,5,52
38.35,14,Clothing,0,0,27,2,56
376.2,10,Electronics,1,0,43,2,41
411.0,13,Food,0,0,55,1,49
108.99,3,Grocery,0,0,94,3,50
173.94,7,Clothing,0,1,91,2,58
6.44,9,Electronics,0,0,66,0,65
1025.08,23,Clothing,1,0,42,2,64
90.82,0,Food,0,0,88,4,35
73.19,22,Electronics,0,0,56,2,40
26.44,14,Food,0,0,31,2,33
140.24,3,Food,0,0,65,1,45
43.97,9,Food,0,0,63,1,21
84.7,12,Clothing,0,1,80,3,30
73.6,1,Electronics,0,1,98,0,69
71.43,4,Travel,0,0,83,1,52
14.09,8,Clothing,1,1,46,2,51
293.17,16,Clothing,0,1,70,0,22
9.98,21,Grocery,0,0,40,1,38
49.43,22,Travel,0,0,69,1,39
255.22,22,Electronics,0,0,75,4,30
274.1,4,Travel,0,0,71,2,47
480.82,21,Clothing,0,1,75,1,69
72.32,2,Clothing,0,0,37,1,55
154.86,14,Travel,0,0,85,1,22
96.86,14,Travel,0,0,81,2,44
101.66,14,Electronics,0,0,50,2,51
298.81,8,Food,1,0,55,2,30
68.24,1,Clothing,0,0,75,3,23
79.2,23,Grocery,0,0,83,2,59
134.93,6,Clothing,0,0,27,4,28
305.99,1,Travel,0,0,94,1,47
14.56,12,Grocery,0,0,97,0,37
40.24,2,Clothing,0,0,83,3,61
105.42,13,Food,0,0,56,3,29
144.54,19,Grocery,0,0,71,2,67
182.68,17,Electronics,1,0,39,0,51
137.21,7,Travel,0,0,63,0,21
100.05,8,Travel,0,0,88,1,38
274.89,11,Clothing,0,0,53,2,47
59.25,22,Food,0,0,35,2,60
1.96,10,Travel,0,0,75,2,68
69.07,3,Travel,0,0,54,1,41
87.39,19,Electronics,1,0,99,1,64
5.78,4,Electronics,1,0,45,3,46
46.68,20,Clothing,0,0,64,1,54
27.38,12,Travel,0,0,92,0,25
191.16,15,Clothing,0,0,85,3,28
162.63,6,Travel,0,0,37,5,49
56.81,11,Travel,0,0,78,0,37
252.3,4,Travel,0,0,31,1,57
366.61,12,Travel,1,0,99,0,34
187.24,8,Grocery,0,0,35,0,59
508.78,22,Electronics,0,0,50,2,50
27.09,11,Electronics,0,0,37,2,27
452.48,18,Clothing,0,0,39,3,32
13.56,23,Travel,0,0,75,3,31
3.7,11,Grocery,0,0,56,3,58
478.33,19,Food,0,1,41,1,27
48.1,16,Electronics,0,0,51,1,47
41.95,20,Clothing,0,0,51,4,30
15.25,2,Travel,0,0,86,2,61
24.88,6,Food,0,0,77,1,58
766.55,22,Travel,0,0,29,0,41
213.56,6,Clothing,0,0,90,1,68
24.51,13,Grocery,0,0,85,1,54
317.4,9,Clothing,0,0,48,3,61
82.51,13,Electronics,0,0,34,3,50
557.66,8,Grocery,0,0,57,0,60
66.36,5,Travel,0,0,54,6,32
28.18,17,Food,0,0,99,4,69
73.53,14,Grocery,0,0,25,5,31
141.4,15,Electronics,0,1,35,2,33
176.07,1,Travel,0,0,48,2,21
239.75,19,Food,0,0,34,0,49
72.97,4,Food,1,0,45,3,65
33.77,1,Travel,0,1,88,2,30
230.67,15,Electronics,0,0,29,5,20
122.91,22,Electronics,0,0,72,1,37
752.03,5,Food,0,0,71,1,31
69.82,16,Electronics,0,0,65,2,63
151.62,14,Grocery,0,0,45,2,60
1.96,14,Food,0,0,78,0,50
101.82,7,Food,0,0,88,4,54
100.41,20,Electronics,0,1,49,4,34
365.73,14,Travel,0,0,41,2,34
125.29,11,Clothing,0,0,59,1,18
45.55,10,Food,0,0,26,2,29
1.67,14,Grocery,0,0,31,3,55
203.49,14,Electronics,0,0,61,3,63
48.84,22,Electronics,0,0,35,1,61
5.94,13,Clothing,0,0,41,1,47
162.8,9,Electronics,0,0,50,3,27
98.47,3,Grocery,0,1,44,2,28
27.56,5,Clothing,0,0,94,2,51
4.64,19,Electronics,0,0,75,1,34
261.09,2,Electronics,0,0,65,1,61
52.21,11,Travel,0,0,64,2,31
111.26,19,Clothing,0,0,74,3,68
425.77,2,Food,0,0,42,4,22
34.86,10,Electronics,0,0,40,1,28
27.62,10,Grocery,0,0,65,6,32
47.36,1,Clothing,0,0,45,2,28
522.48,10,Electronics,0,0,97,2,55
323.74,17,Clothing,1,0,45,1,46
51.15,15,Grocery,0,0,38,3,45
204.27,3,Travel,1,0,80,0,18
548.04,1,Electronics,0,0,45,2,40
597.94,9,Travel,0,0,56,4,47
116.81,11,Travel,0,0,79,4,48
292.91,5,Electronics,0,0,73,5,29
42.8,15,Food,0,0,46,1,20
125.17,11,Food,0,0,77,2,58
313.47,20,Food,1,0,71,4,23
46.76,5,Travel,0,0,56,3,68
205.18,13,Grocery,0,1,41,2,55
87.09,9,Grocery,1,0,40,2,44
145.13,21,Grocery,0,0,57,1,47
105.05,7,Food,0,0,69,2,43
153.4,20,Grocery,0,0,59,1,33
13.15,5,Electronics,0,0,62,2,19
53.49,21,Food,1,0,50,6,62
454.34,21,Grocery,0,0,28,2,37
150.06,23,Travel,0,0,33,1,55
9.66,16,Electronics,0,0,98,0,21
128.48,11,Clothing,0,0,83,0,65
20.83,12,Clothing,0,0,79,5,35
76.42,5,Food,0,0,50,5,27
349.19,5,Electronics,0,0,69,2,29
1.56,22,Grocery,0,0,61,3,39
14.25,6,Electronics,1,0,94,1,31
136.26,0,Travel,0,0,52,2,28
77.43,1,Clothing,0,1,41,3,56
115.58,22,Food,0,0,97,0,27
45.74,22,Clothing,0,1,66,2,57
372.41,22,Food,0,0,40,4,19
162.06,10,Clothing,0,0,91,5,41
91.05,14,Food,0,0,52,5,45
172.0,2,Grocery,0,1,56,5,24
27.67,1,Clothing,0,0,36,1,45
87.88,1,Travel,0,0,63,4,53
198.77,10,Grocery,0,1,91,2,62
97.82,19,Travel,0,0,48,2,29
368.28,14,Electronics,0,0,52,2,44
200.59,23,Grocery,0,0,83,1,23
52.31,9,Travel,0,0,66,1,35
42.58,18,Food,0,0,42,1,58
48.96,20,Food,0,0,74,2,26
89.42,4,Grocery,1,0,58,3,20
81.77,16,Clothing,0,0,40,3,52
220.5,2,Food,0,0,48,5,48
93.03,2,Food,0,1,79,0,44
465.51,20,Grocery,0,0,71,5,28
122.55,6,Clothing,0,0,85,1,29
1097.38,21,Clothing,0,0,27,4,19
120.24,18,Travel,0,0,36,1,20
540.89,11,Electronics,0,0,92,4,18
44.32,16,Travel,0,0,38,1,64
22.64,9,Electronics,0,0,99,5,48
114.83,17,Travel,1,0,32,0,60
110.15,22,Travel,0,0,78,2,57
636.38,10,Clothing,0,0,97,4,37
69.61,0,Electronics,0,1,95,2,23
34.59,4,Grocery,0,0,52,2,65
37.14,13,Grocery,0,0,92,2,26
11.34,23,Clothing,0,0,96,1,32
176.39,14,Food,0,0,94,2,30
3.08,18,Electronics,0,0,98,2,57
14.9,22,Travel,0,0,32,3,54
300.7,23,Food,0,0,81,1,32
331.5,4,Food,0,0,95,5,26
50.52,9,Travel,0,0,45,3,36
112.34,4,Grocery,0,0,42,1,53
91.4,8,Food,0,0,89,2,54
104.61,8,Grocery,0,0,34,1,32
506.19,8,Electronics,0,0,45,4,48
186.12,5,Electronics,0,0,63,1,43
120.3,17,Grocery,0,0,69,3,22
100.7,2,Food,0,0,95,1,38
246.86,8,Food,0,0,90,2,32
186.56,22,Grocery,0,0,67,1,45
116.44,11,Food,0,1,65,1,29
254.24,5,Electronics,0,0,67,2,43
12.49,18,Clothing,0,1,74,1,49
123.6,19,Travel,1,1,83,1,32
950.41,1,Travel,0,1,70,2,60
1087.95,11,Electronics,0,0,52,1,66
264.15,13,Clothing,0,0,98,2,48
151.87,12,Travel,0,0,71,1,28
167.17,17,Grocery,0,0,98,5,22
494.62,7,Food,0,1,59,3,62
23.9,6,Electronics,0,0,70,1,67
37.96,21,Electronics,0,0,58,1,54
47.48,13,Grocery,0,0,99,1,54
212.49,15,Clothing,1,0,74,4,38
55.43,15,Food,0,0,65,1,22
78.2,3,Clothing,0,0,78,1,24
55.39,10,Travel,0,0,63,5,64
176.41,19,Grocery,0,0,80,4,68
199.1,0,Electronics,0,0,34,3,53
358.56,14,Food,0,0,37,1,50
85.25,18,Food,1,0,51,0,49
83.17,22,Electronics,1,0,58,2,54
7.13,11,Grocery,0,1,28,2,19
675.6,6,Electronics,0,0,56,2,68
46.49,4,Food,0,0,33,0,37
140.89,19,Food,0,0,56,1,18
74.1,16,Food,0,0,29,3,54
19.26,3,Electronics,0,0,75,2,26
206.89,22,Electronics,0,0,56,1,26
214.35,0,Grocery,0,0,50,1,64
544.43,11,Food,0,0,51,3,22
443.72,0,Food,0,1,40,1,67
60.77,3,Clothing,1,0,51,5,38
55.49,10,Travel,0,0,71,0,69
208.26,12,Travel,1,0,50,4,51
524.29,2,Electronics,0,0,93,0,64
355.49,18,Travel,0,0,78,3,26
142.92,12,Food,0,0,88,3,25
184.12,15,Clothing,0,0,89,2,60
15.05,21,Clothing,0,1,52,0,60
11.97,4,Food,0,0,65,3,62
346.3,5,Travel,0,0,71,2,33
6.15,2,Grocery,0,0,73,0,52
496.19,9,Food,0,0,36,0,47
24.2,17,Clothing,0,0,56,2,28
244.31,20,Food,0,0,28,2,23
30.3,3,Grocery,0,0,80,0,21
790.93,19,Electronics,0,0,94,4,49
147.68,19,Travel,0,0,35,1,52
152.42,1,Electronics,0,0,83,2,31
245.3,17,Food,0,0,93,1,46
39.41,9,Electronics,0,0,77,0,37
230.97,6,Food,0,0,52,1,46
982.29,23,Food,0,0,45,5,18
134.36,20,Travel,0,0,92,3,26
110.33,0,Clothing,0,0,64,0,64
104.76,8,Grocery,0,0,38,0,54
25.73,21,Travel,0,0,98,2,22
98.05,20,Travel,0,0,89,1,22
101.92,11,Grocery,0,0,38,2,52
74.03,12,Electronics,0,0,73,0,27
116.23,20,Grocery,0,0,48,1,27
140.28,16,Travel,0,0,49,4,45
13.41,2,Travel,0,0,96,2,35
94.81,9,Food,0,0,63,3,20
207.29,5,Food,0,0,50,1,54
296.56,11,Food,0,0,81,3,36
13.68,8,Travel,0,1,69,3,18
55.86,19,Food,0,0,84,1,65
2.09,11,Electronics,0,0,80,5,20
457.05,17,Clothing,0,0,56,2,40
639.75,17,Food,0,0,67,0,37
8.27,19,Grocery,1,0,84,3,58
235.42,21,Electronics,0,0,97,3,36
199.8,11,Clothing,0,0,35,4,27
140.3,12,Travel,1,0,40,1,65
4.11,4,Clothing,0,0,28,1,57
181.57,15,Travel,1,0,63,2,28
156.05,23,Travel,0,0,25,4,28
30.6,5,Clothing,0,0,45,4,18
81.54,19,Clothing,0,0,40,1,54
373.59,5,Food,0,0,91,2,59
84.84,4,Food,0,0,47,1,48
122.09,5,Electronics,0,0,85,0,30
22.83,7,Food,0,0,41,3,55
147.63,19,Electronics,0,1,73,5,32
105.25,2,Grocery,0,0,65,2,39
285.26,9,Food,1,0,25,0,49
409.52,14,Food,0,0,55,2,31
83.93,14,Grocery,0,0,83,1,59
650.67,12,Food,0,0,67,4,53
148.16,23,Grocery,0,0,29,2,44
163.73,20,Electronics,0,0,43,3,51
119.34,14,Electronics,0,0,82,2,51
79.94,21,Electronics,0,0,88,1,56
1.64,2,Grocery,0,0,66,0,33
315.97,5,Grocery,0,0,79,2,53
109.05,3,Grocery,0,0,97,3,19
356.21,12,Electronics,0,0,67,3,24
184.89,8,Travel,0,0,29,1,46
196.12,4,Travel,0,0,59,2,19
286.19,11,Clothing,0,0,30,1,65
46.29,5,Travel,0,0,82,1,50
243.61,11,Grocery,0,0,86,4,43
230.88,15,Clothing,0,0,66,1,31
46.13,9,Food,0,0,29,1,51
750.93,14,Clothing,0,0,42,0,30
1042.64,6,Food,0,0,92,1,45
888.87,1,Electronics,0,0,35,4,50
157.52,4,Clothing,0,0,73,2,61
8.43,20,Travel,0,0,73,3,40
244.48,22,Travel,0,0,32,1,34
26.18,2,Electronics,0,0,59,2,44
209.59,8,Grocery,0,0,68,2,24
257.64,0,Clothing,0,0,33,2,36
280.94,22,Travel,0,1,54,4,60
432.69,22,Food,0,0,30,4,30
64.05,13,Clothing,0,0,28,2,58
29.86,3,Travel,0,1,87,4,27
34.58,4,Food,1,1,38,2,37
815.36,10,Electronics,0,0,60,1,30
259.61,10,Electronics,0,0,46,2,52
201.92,11,Electronics,0,1,81,1,51
78.8,12,Electronics,0,0,33,3,44
87.93,11,Clothing,0,0,50,4,53
42.28,18,Grocery,0,0,39,1,57
45.48,17,Food,0,0,57,3,63
44.66,10,Food,0,0,39,1,55
87.64,17,Travel,0,0,71,4,48
11.41,21,Electronics,0,0,70,3,22
187.47,7,Food,0,0,95,1,67
123.75,17,Electronics,0,1,32,1,25
120.56,19,Travel,0,0,39,3,34
86.62,20,Travel,0,1,41,2,57
773.35,21,Food,0,0,31,0,62
185.79,0,Travel,0,0,72,4,68
352.6,10,Travel,0,0,39,5,26
245.69,4,Travel,0,0,54,4,37
101.18,15,Travel,0,0,77,4,67
659.69,12,Grocery,0,0,65,2,32
95.57,6,Food,0,0,29,7,65
211.98,12,Electronics,0,0,50,0,56
90.6,1,Grocery,1,0,44,1,56
9.61,22,Food,0,0,45,3,63
500.18,7,Grocery,0,0,86,1,36
309.31,15,Travel,0,0,42,3,54
6.31,9,Grocery,0,0,94,0,21
64.19,19,Travel,0,0,83,1,46
237.18,22,Grocery,0,0,57,3,21
691.36,3,Electronics,1,0,55,1,65
120.31,21,Grocery,0,0,76,3,28
235.17,8,Travel,0,0,58,1,63
155.39,18,Electronics,0,0,64,3,39
64.63,18,Electronics,0,0,77,1,26
58.91,17,Grocery,0,0,63,3,48
162.83,13,Clothing,0,0,28,2,20
9.62,3,Electronics,0,0,81,5,65
635.29,10,Clothing,0,0,59,0,22
489.35,1,Grocery,0,0,26,3,18
151.19,15,Grocery,1,0,97,5,29
73.23,19,Grocery,0,0,50,2,25
156.19,10,Grocery,0,0,92,1,18
40.43,11,Travel,1,0,38,5,32
215.02,5,Travel,0,0,92,0,48
394.37,15,Clothing,1,0,80,1,63
119.8,20,Food,0,0,58,4,24
317.62,10,Grocery,0,0,88,1,67
310.53,15,Food,0,0,63,4,41
381.28,17,Food,0,0,40,4,47
41.33,1,Clothing,0,0,79,3,66
297.27,20,Grocery,1,0,87,2,64
268.99,1,Electronics,0,0,63,4,67
45.07,16,Food,0,0,25,2,42
92.73,15,Clothing,1,1,26,3,69
80.87,22,Clothing,0,0,26,1,30
82.42,14,Grocery,0,0,67,2,23
79.63,6,Clothing,0,0,69,4,25
203.32,1,Clothing,0,0,45,2,32
163.89,14,Food,0,0,85,0,19
119.05,6,Grocery,0,0,85,1,56
25.14,11,Food,0,0,44,1,25
281.03,20,Clothing,0,0,31,4,25
41.29,19,Food,0,0,94,6,40
1.53,23,Electronics,0,0,49,1,62
239.92,20,Clothing,0,0,49,2,69
165.8,17,Clothing,0,0,91,1,55
55.32,6,Clothing,0,0,58,2,40
125.87,11,Clothing,0,0,98,2,37
474.53,8,Electronics,0,0,98,1,52
490.45,10,Travel,0,0,58,1,43
864.87,20,Grocery,0,0,87,2,50
125.93,0,Electronics,0,0,50,3,47
237.22,22,Clothing,0,0,81,0,63
85.96,2,Food,0,0,30,1,62
84.74,15,Clothing,0,0,69,1,59
73.22,5,Food,0,0,94,1,58
413.77,15,Grocery,0,0,68,3,32
70.8,8,Electronics,1,0,54,3,39
177.41,17,Food,0,0,28,3,27
50.53,3,Food,0,0,74,3,64
95.16,11,Grocery,0,0,91,4,30
54.16,7,Grocery,0,0,47,2,21
264.54,20,Travel,0,0,40,1,49
40.37,10,Electronics,0,0,91,2,24
32.78,20,Grocery,0,1,99,2,53
340.55,4,Travel,0,0,44,0,27
275.82,13,Electronics,0,0,89,0,66
84.15,12,Travel,0,0,89,0,24
351.57,0,Electronics,0,0,68,2,27
13.17,7,Travel,0,0,79,3,38
20.06,11,Food,0,0,95,2,38
43.24,23,Grocery,0,1,99,1,62
15.69,6,Clothing,0,0,77,1,26
58.82,16,Clothing,0,0,84,5,38
427.91,2,Grocery,0,0,34,1,21
6.89,23,Grocery,0,1,43,3,35
443.19,4,Food,0,0,80,1,31
291.76,10,Grocery,0,0,71,1,32
159.93,13,Food,0,0,60,1,41
121.31,1,Food,1,0,70,3,62
335.84,9,Grocery,0,0,71,2,68
328.74,7,Travel,0,0,52,1,63
36.56,18,Food,0,0,71,1,39
4.71,15,Electronics,0,0,74,4,50
13.5,6,Grocery,0,0,90,7,36
81.69,0,Food,0,0,48,2,39
397.17,5,Food,0,0,45,2,64
105.22,5,Food,0,0,80,1,45
30.37,8,Clothing,0,0,97,1,37
130.18,9,Travel,0,0,79,1,40
29.79,5,Travel,0,0,67,1,34
222.39,14,Travel,0,0,92,2,38
276.58,17,Grocery,0,0,55,2,40
42.46,1,Electronics,0,0,50,1,50
151.21,12,Electronics,0,0,97,2,22
428.71,18,Clothing,0,0,58,3,22
7.28,5,Food,0,0,65,1,24
147.73,23,Food,0,0,55,1,62
166.2,13,Clothing,0,0,41,5,33
91.11,16,Electronics,0,0,69,0,65
129.97,5,Clothing,0,0,46,1,18
310.51,7,Grocery,0,0,36,1,19
647.29,5,Clothing,0,0,64,2,55
179.41,6,Grocery,1,0,52,4,33
24.94,8,Food,0,0,72,1,34
136.85,18,Electronics,0,0,69,3,57
356.55,10,Grocery,0,0,73,3,21
92.51,5,Electronics,0,0,94,2,65
61.02,15,Electronics,0,1,54,2,44
134.91,9,Travel,0,0,60,0,42
94.86,20,Food,0,0,49,3,48
39.1,15,Travel,1,0,85,5,66
7.04,18,Clothing,0,0,76,2,67
125.56,22,Electronics,0,0,95,2,38
7.31,10,Clothing,0,0,28,1,34
89.9,21,Electronics,0,0,89,1,48
14.06,17,Clothing,0,0,82,3,34
126.87,0,Electronics,0,0,98,5,69
22.27,19,Electronics,0,1,97,3,57
78.88,5,Electronics,0,0,75,1,40
133.35,4,Grocery,0,0,93,4,37
14.27,7,Electronics,0,1,78,2,25
154.92,14,Travel,0,0,77,2,18
69.87,13,Food,0,1,41,3,40
179.64,5,Food,0,0,54,5,21
95.84,12,Grocery,0,0,77,0,62
213.83,7,Clothing,0,0,58,3,35
169.67,4,Food,0,0,97,0,18
140.08,17,Travel,0,0,57,1,25
101.57,13,Food,0,0,80,4,19
247.72,21,Food,0,0,48,5,25
169.49,13,Grocery,1,0,46,3,56
19.24,1,Travel,0,0,72,2,50
25.99,13,Grocery,1,0,42,3,65
228.79,2,Travel,0,0,26,3,26
318.58,0,Travel,0,0,75,1,32
260.91,17,Electronics,0,0,57,2,35
11.56,17,Electronics,1,0,47,1,65
109.36,3,Grocery,1,0,58,2,66
208.56,19,Food,0,0,33,0,47
464.8,23,Clothing,0,0,71,2,31
162.36,7,Electronics,1,0,95,3,29
314.84,1,Grocery,0,0,83,2,42
126.85,14,Travel,0,0,70,0,55
93.05,16,Travel,0,0,84,3,39
32.11,17,Electronics,0,0,79,3,68
552.81,12,Electronics,0,0,51,4,30
250.21,12,Food,0,0,62,4,33
95.2,14,Electronics,0,0,87,3,34
79.98,14,Electronics,1,0,86,0,59
39.22,18,Grocery,0,0,40,3,25
70.38,9,Clothing,0,0,44,1,47
170.68,13,Food,0,0,66,1,35
2.31,0,Food,0,0,45,2,39
163.78,23,Grocery,0,0,94,3,26
96.84,17,Grocery,0,0,93,0,51
650.45,15,Grocery,0,0,59,3,23
128.93,1,Grocery,0,0,66,3,57
388.64,0,Electronics,1,0,94,2,42
12.23,13,Travel,0,0,40,3,69
110.56,11,Food,0,0,79,5,23
10.69,6,Travel,1,0,65,2,27
679.06,4,Electronics,0,0,56,4,52
139.0,8,Travel,0,0,83,0,40
15.01,3,Travel,0,0,55,0,47
388.66,15,Travel,0,0,30,3,57
146.5,16,Clothing,0,0,63,0,69
71.26,16,Clothing,0,0,35,1,46
59.36,7,Food,0,0,97,1,50
191.99,14,Food,0,0,99,0,61
140.21,8,Clothing,0,0,57,3,66
321.26,4,Food,0,0,97,3,54
21.12,13,Travel,0,0,91,0,51
240.05,1,Clothing,0,0,29,4,18
32.03,8,Food,0,1,37,0,41
325.4,18,Grocery,0,0,53,0,29
71.28,19,Travel,0,0,91,4,31
152.48,19,Food,0,0,65,3,50
70.9,1,Electronics,0,0,89,0,40
69.44,15,Clothing,0,1,46,2,50
209.04,14,Electronics,0,0,44,2,55
322.08,13,Electronics,0,0,25,3,65
490.44,21,Electronics,0,0,84,2,49
121.42,13,Food,0,0,26,3,19
375.58,23,Food,0,1,71,3,50
424.31,6,Grocery,0,0,66,3,18
8.89,5,Electronics,0,0,94,2,57
59.64,8,Travel,0,0,64,0,63
391.03,22,Grocery,0,0,52,1,63
225.29,19,Clothing,0,0,83,3,49
421.78,0,Food,0,1,95,2,31
158.55,1,Electronics,0,0,55,1,22
25.6,4,Travel,0,0,76,0,32
28.85,10,Electronics,1,0,65,3,44
104.18,17,Clothing,0,0,76,1,39
703.9,0,Food,0,0,62,3,57
112.15,11,Clothing,0,0,70,2,62
88.54,19,Travel,1,0,29,2,27
138.46,7,Grocery,0,0,27,1,51
30.28,0,Electronics,0,0,93,1,56
304.46,3,Food,0,0,45,1,60
109.18,6,Grocery,0,0,87,2,52
173.34,10,Food,1,0,69,2,64
691.2,11,Food,0,0,65,1,25
256.03,9,Grocery,0,0,90,2,26
176.88,2,Electronics,0,0,80,2,62
127.88,22,Clothing,0,0,74,2,24
128.22,2,Food,0,0,85,2,19
6.47,0,Food,1,0,86,3,55
134.79,7,Clothing,0,0,89,3,61
510.86,19,Food,0,0,33,2,45
55.43,15,Travel,0,1,40,3,30
143.28,4,Electronics,0,0,52,1,32
129.46,17,Travel,0,0,27,3,66
475.76,11,Grocery,0,0,63,4,19
83.21,16,Clothing,0,0,34,1,64
134.41,17,Electronics,0,0,85,2,19
75.22,12,Grocery,0,0,34,4,57
107.4,4,Food,0,0,67,2,40
37.27,8,Travel,0,0,76,3,51
93.46,3,Clothing,0,0,53,2,42
1.09,4,Grocery,0,0,43,3,60
1.28,14,Travel,0,1,25,5,63
312.32,19,Travel,0,0,27,4,63
261.83,10,Clothing,0,0,80,0,51
236.67,10,Clothing,0,1,38,0,66
240.28,17,Grocery,0,0,74,1,50
406.84,21,Electronics,0,0,76,3,34
250.75,5,Electronics,0,0,43,2,51
40.0,17,Electronics,0,0,27,3,60
126.59,21,Electronics,0,0,70,0,69
83.74,1,Travel,0,0,83,4,19
192.67,16,Grocery,0,0,97,1,28
67.26,8,Food,0,0,84,4,62
133.88,8,Clothing,0,0,49,2,37
157.55,8,Electronics,1,0,99,2,24
367.97,6,Travel,0,0,42,0,26
16.15,6,Grocery,0,0,35,3,52
728.42,20,Electronics,0,0,93,1,33
189.12,9,Clothing,0,1,67,3,64
598.45,14,Electronics,0,0,93,5,21
240.81,3,Clothing,0,0,92,3,47
91.03,17,Electronics,0,0,37,0,46
456.37,18,Grocery,0,0,51,0,51
119.76,17,Electronics,0,0,76,3,25
899.81,19,Food,1,0,25,3,43
255.56,0,Grocery,0,0,59,1,52
564.77,14,Clothing,0,0,52,4,62
109.31,14,Food,0,0,36,1,49
32.16,5,Grocery,0,0,33,3,26
148.87,20,Food,0,1,79,2,53
111.43,12,Clothing,0,1,42,2,20
179.09,5,Clothing,0,0,68,3,65
195.13,9,Clothing,0,0,81,3,56
797.98,16,Electronics,0,0,47,1,57
83.3,16,Electronics,1,0,82,1,56
48.67,23,Grocery,0,0,97,1,20
109.04,8,Clothing,0,0,55,1,25
587.51,12,Grocery,0,0,35,2,24
50.92,17,Electronics,0,0,58,4,60
193.93,7,Food,0,0,55,3,30
468.15,12,Travel,0,0,44,1,37
272.42,14,Electronics,0,0,70,4,49
16.58,4,Travel,0,0,56,2,62
231.36,11,Clothing,0,0,96,2,42
4.32,21,Electronics,0,0,25,1,52
23.11,14,Grocery,0,0,64,1,34
18.58,3,Travel,0,1,62,1,58
51.11,9,Clothing,0,0,30,1,45
653.43,21,Electronics,1,0,32,3,30
57.41,3,Grocery,0,1,26,1,18
196.88,13,Food,0,0,40,4,22
32.17,13,Electronics,0,0,60,4,48
373.96,9,Food,0,0,72,2,53
18.49,11,Travel,0,0,81,2,59
26.24,5,Electronics,0,0,41,0,33
154.79,12,Clothing,0,0,68,2,61
325.55,21,Clothing,0,0,95,4,57
395.87,13,Electronics,0,0,76,4,44
80.95,15,Travel,0,1,57,3,57
25.54,2,Electronics,0,0,27,1,57
209.3,15,Clothing,0,0,91,2,44
239.2,4,Clothing,0,1,93,4,18
175.67,15,Clothing,0,0,49,0,28
301.78,14,Food,0,0,56,2,29
401.49,13,Clothing,0,0,29,1,26
189.14,12,Food,0,0,26,1,35
268.4,4,Clothing,0,0,88,2,67
72.33,8,Travel,1,0,52,1,69
236.11,3,Travel,1,0,49,0,22
214.12,2,Clothing,0,0,43,1,59
66.65,5,Grocery,0,0,52,3,42
135.92,1,Travel,0,1,57,2,59
22.41,2,Travel,0,0,78,2,44
39.08,4,Electronics,0,0,64,3,67
192.79,16,Electronics,0,0,66,2,33
279.35,4,Travel,0,0,58,4,34
39.8,4,Clothing,0,0,25,1,39
502.22,13,Electronics,0,0,76,5,65
630.65,13,Food,0,0,65,3,52
214.02,13,Travel,1,0,37,2,54
597.45,7,Electronics,0,0,54,6,48
33.72,1,Clothing,0,0,77,2,69
130.87,12,Clothing,1,0,71,0,39
27.74,1,Travel,0,0,72,1,41
39.32,1,Electronics,0,0,78,3,56
39.56,14,Electronics,0,0,85,0,23
65.01,16,Grocery,0,0,61,1,61
14.86,0,Travel,1,0,61,1,34
93.67,23,Clothing,0,0,38,2,59
346.28,10,Grocery,0,0,60,2,54
309.36,3,Travel,0,0,79,2,36
186.59,6,Travel,0,0,98,5,53
337.37,1,Clothing,0,0,98,1,58
246.12,14,Grocery,0,0,66,4,69
1.04,16,Grocery,0,0,29,3,55
6.22,6,Electronics,1,0,29,3,35
137.24,18,Clothing,0,0,39,0,48
215.17,15,Electronics,0,0,72,2,55
103.5,18,Clothing,0,0,82,2,59
124.84,22,Food,0,0,86,1,55
32.86,6,Food,0,0,28,4,52
77.69,22,Clothing,0,0,92,2,19
62.22,10,Clothing,0,0,61,1,58
111.49,11,Electronics,0,0,34,3,57
233.0,23,Electronics,0,0,46,0,50
86.97,6,Travel,0,0,60,1,34
55.59,18,Grocery,0,0,99,2,23
608.76,18,Food,1,0,63,4,69
77.0,23,Electronics,0,0,69,3,28
119.17,12,Grocery,0,0,47,0,42
261.33,19,Food,1,0,37,2,58
124.87,23,Food,0,0,90,2,25
173.09,19,Travel,1,0,80,2,27
45.34,1,Travel,1,0,86,3,41
70.8,15,Grocery,0,0,68,1,68
518.97,18,Clothing,0,0,40,2,40
119.67,12,Grocery,0,0,82,3,20
70.45,10,Electronics,0,0,57,2,27
34.69,13,Grocery,1,0,72,0,55
43.24,19,Grocery,0,0,34,1,25
281.36,11,Clothing,0,0,84,2,35
105.31,8,Grocery,0,0,91,4,27
75.36,20,Clothing,0,0,96,2,27
460.51,22,Travel,0,0,99,4,54
47.0,1,Travel,1,0,86,3,62
158.64,1,Food,0,0,87,3,44
625.88,9,Travel,0,0,94,3,19
292.29,5,Electronics,0,0,44,3,56
409.14,21,Electronics,0,0,26,0,52
297.85,7,Electronics,0,0,90,2,19
131.97,5,Electronics,1,0,41,1,49
15.9,21,Food,0,0,73,0,41
175.42,1,Travel,0,1,70,2,40
14.38,1,Grocery,0,0,50,2,64
14.71,22,Electronics,0,0,38,0,61
257.41,18,Travel,0,0,32,1,38
144.62,21,Travel,1,0,88,1,64
91.66,3,Clothing,0,0,78,1,45
87.93,19,Food,0,0,39,4,27
490.09,18,Clothing,0,0,58,1,64
42.59,14,Clothing,0,1,48,2,40
45.72,9,Travel,0,0,71,1,28
150.58,20,Grocery,0,0,63,4,61
357.33,4,Travel,0,0,57,1,39
38.43,22,Grocery,0,0,43,3,36
33.71,13,Grocery,0,0,47,0,53
257.05,13,Grocery,0,0,62,5,30
287.74,22,Food,0,0,78,3,58
332.32,15,Food,0,0,63,1,66
234.6,23,Grocery,0,0,86,1,66
1.86,17,Food,0,0,73,2,25
66.8,16,Grocery,1,0,41,4,27
148.0,0,Travel,0,0,94,2,19
595.36,0,Food,0,0,86,0,36
99.41,0,Travel,0,0,88,3,66
273.17,0,Electronics,0,0,80,4,19
225.34,21,Grocery,0,0,51,0,65
127.82,20,Electronics,0,0,28,1,66
104.23,11,Travel,0,0,61,2,36
141.19,21,Food,0,0,42,2,27
376.21,21,Grocery,0,0,77,4,30
24.46,12,Electronics,0,0,49,1,48
305.79,18,Electronics,0,0,78,1,51
443.93,23,Grocery,0,0,26,0,54
236.23,15,Travel,0,0,45,2,40
44.75,0,Electronics,0,0,58,2,56
31.57,12,Food,0,1,67,1,48
18.36,4,Travel,0,0,99,2,34
321.74,11,Food,0,1,65,3,24
33.69,5,Electronics,1,0,59,0,31
328.85,9,Travel,0,0,82,1,21
245.23,14,Clothing,0,0,65,1,19
104.61,18,Food,0,0,70,3,49
13.31,3,Clothing,0,0,57,4,18
6.79,19,Electronics,0,0,32,1,36
21.75,23,Clothing,0,0,60,1,29
471.2,9,Grocery,0,0,83,2,45
272.44,6,Electronics,0,0,68,0,37
176.0,13,Food,0,1,98,0,37
32.63,6,Clothing,0,0,40,0,67
40.89,15,Grocery,0,0,64,1,29
33.48,18,Travel,0,0,42,2,52
47.2,1,Grocery,0,0,56,2,65
164.61,12,Travel,0,0,98,5,20
141.56,12,Electronics,0,0,44,3,22
138.19,14,Electronics,0,0,77,0,33
138.71,12,Travel,1,0,46,1,37
67.05,18,Travel,0,0,59,3,20
101.8,16,Grocery,1,0,84,3,24
166.05,10,Travel,0,0,81,1,48
184.31,18,Grocery,1,1,72,0,29
51.9,22,Grocery,0,0,54,3,22
344.12,3,Grocery,1,0,38,3,29
2.13,8,Grocery,0,0,36,1,68
25.51,1,Food,0,0,81,0,29
109.44,1,Travel,0,0,91,2,62
26.48,19,Travel,0,0,64,2,37
771.1,21,Clothing,0,0,69,3,57
59.54,0,Electronics,0,0,32,3,29
16.61,12,Electronics,0,0,91,2,52
100.85,16,Travel,0,0,56,1,31
2.31,20,Food,0,0,41,2,32
61.37,22,Food,0,0,48,4,19
621.94,12,Grocery,0,0,87,4,29
33.43,16,Grocery,0,0,92,0,39
346.98,9,Food,0,0,91,3,24
10.77,18,Travel,0,0,48,1,28
112.25,9,Electronics,0,0,47,4,54
491.26,4,Travel,0,0,41,3,34
125.62,13,Electronics,0,0,43,4,32
182.09,18,Travel,0,1,86,2,50
435.03,9,Electronics,1,0,57,1,65
429.92,18,Grocery,1,0,84,4,44
341.06,1,Food,0,0,76,3,69
140.13,8,Travel,0,0,40,2,26
327.76,1,Travel,0,0,39,2,33
49.97,11,Travel,0,0,45,1,32
78.51,4,Travel,0,0,48,2,29
23.29,14,Food,0,1,61,0,54
177.32,16,Clothing,0,0,86,3,19
113.96,8,Travel,0,0,70,4,22
182.62,15,Clothing,1,0,91,0,30
98.68,7,Electronics,0,0,50,2,36
586.24,23,Travel,0,0,25,2,29
27.22,20,Grocery,0,0,73,2,34
67.67,0,Food,0,0,71,3,64
104.51,6,Grocery,0,0,85,2,61
409.67,1,Food,0,1,79,2,57
226.68,17,Electronics,0,0,51,2,20
56.32,14,Clothing,0,0,83,1,49
42.83,8,Clothing,1,0,69,1,45
163.52,23,Travel,0,0,63,0,48
127.28,3,Clothing,0,0,61,2,40
40.14,17,Travel,0,0,84,0,53
6.38,23,Food,0,0,52,1,58
94.79,5,Grocery,1,0,37,0,58
46.78,6,Clothing,0,0,51,4,32
4.62,18,Clothing,0,0,82,4,55
17.92,21,Food,0,0,93,3,40
60.2,1,Electronics,0,0,38,0,23
166.82,16,Travel,0,0,85,0,51
179.27,2,Clothing,1,0,69,2,69
346.84,10,Clothing,0,0,48,3,46
443.91,3,Travel,0,0,27,3,67
58.08,14,Food,0,0,71,4,60
89.28,20,Food,0,0,27,3,44
94.72,23,Electronics,0,0,74,3,55
290.44,7,Grocery,0,0,54,5,23
801.76,11,Food,0,1,58,1,18
227.65,6,Food,1,0,97,3,52
412.03,0,Travel,0,0,74,1,33
87.16,11,Clothing,0,0,62,2,35
142.42,6,Food,0,0,35,3,22
209.81,3,Food,0,0,34,3,34
113.76,2,Grocery,0,0,96,1,57
69.33,3,Food,0,0,71,6,24
76.33,16,Food,1,0,26,1,31
249.98,9,Food,0,0,64,3,44
329.71,18,Electronics,0,0,96,1,48
596.8,11,Electronics,0,0,25,0,28
80.19,18,Electronics,0,0,25,0,60
20.41,6,Travel,1,0,94,1,59
218.69,10,Food,0,0,31,1,52
162.98,4,Travel,0,0,26,2,52
77.88,18,Electronics,0,1,61,1,56
464.71,5,Grocery,0,0,71,1,33
284.83,14,Grocery,0,0,88,1,50
207.54,12,Grocery,0,0,62,6,45
235.0,16,Food,0,0,85,4,25
259.98,1,Grocery,0,0,76,1,32
520.28,8,Electronics,0,0,55,2,65
208.94,23,Electronics,0,0,25,5,38
23.69,5,Travel,0,0,79,1,33
212.51,10,Grocery,0,0,56,2,49
39.92,16,Clothing,1,0,68,1,55
317.24,1,Food,1,0,93,2,28
85.57,8,Electronics,0,0,43,2,43
79.2,23,Grocery,0,0,65,3,50
426.51,23,Electronics,0,0,78,0,31
218.84,14,Travel,0,0,92,1,60
713.28,17,Grocery,0,0,91,3,65
104.2,19,Clothing,0,1,43,0,54
57.28,5,Food,0,0,37,1,37
2.36,12,Electronics,0,0,47,5,35
65.11,12,Clothing,0,0,58,1,29
92.64,16,Grocery,0,0,38,0,23
103.82,6,Electronics,0,0,89,6,56
141.78,8,Electronics,0,0,48,2,30
30.13,23,Travel,0,0,99,2,69
136.42,7,Electronics,0,0,66,3,42
101.28,23,Travel,0,0,48,1,38
185.91,13,Electronics,0,0,48,3,30
31.73,8,Grocery,0,0,84,1,57
191.44,3,Electronics,0,0,59,3,69
53.64,3,Clothing,0,0,74,1,19
98.59,1,Clothing,0,0,37,2,56
4.25,7,Electronics,0,0,78,1,30
66.09,2,Grocery,0,0,31,1,68
131.37,17,Electronics,0,0,47,0,53
5.13,14,Electronics,0,0,37,1,53
196.32,19,Electronics,0,0,85,3,42
123.92,20,Travel,0,0,52,0,63
75.06,1,Food,1,0,34,3,57
46.53,18,Food,1,0,61,3,43
9.07,17,Food,0,0,72,4,48
275.26,11,Clothing,0,0,31,2,40
553.96,15,Clothing,0,0,52,2,30
622.33,19,Electronics,0,0,39,1,66
38.69,13,Grocery,0,0,55,2,19
189.56,0,Travel,0,0,79,2,30
233.73,16,Travel,0,0,66,2,51
105.02,11,Food,0,0,74,1,49
78.93,6,Grocery,0,0,41,3,54
31.68,5,Travel,0,0,81,1,39
76.86,18,Grocery,0,0,92,4,25
46.6,14,Grocery,0,0,87,5,28
13.8,18,Grocery,1,0,96,5,61
146.1,8,Electronics,0,0,49,3,64
57.62,3,Electronics,0,0,86,2,67
330.26,21,Travel,0,0,41,2,28
420.46,10,Travel,0,0,34,3,25
327.99,19,Electronics,0,0,82,3,56
41.52,7,Grocery,0,0,84,1,26
92.52,11,Grocery,0,0,50,6,33
89.83,0,Travel,1,0,83,2,36
13.08,21,Grocery,0,0,83,3,35
400.74,21,Food,1,1,43,1,29
37.01,1,Food,0,0,63,2,66
74.95,8,Electronics,0,0,45,3,42
126.49,6,Electronics,0,0,75,1,19
24.43,16,Clothing,0,0,34,1,69
37.68,12,Travel,0,0,43,2,41
36.79,10,Clothing,0,0,68,2,34
138.29,15,Electronics,1,1,86,3,68
89.7,9,Grocery,0,0,98,1,36
111.17,7,Food,0,0,77,2,66
447.48,23,Grocery,0,0,54,1,39
25.09,7,Clothing,0,0,67,4,47
132.8,5,Clothing,0,0,59,4,61
156.43,18,Grocery,0,0,48,1,18
119.93,21,Grocery,0,0,96,2,28
27.33,19,Electronics,0,0,42,4,28
58.59,9,Food,0,0,60,4,18
184.21,2,Grocery,0,0,27,3,36
193.54,20,Electronics,0,0,28,2,40
146.47,16,Travel,0,0,98,0,25
590.37,1,Grocery,1,0,37,1,65
327.88,15,Clothing,0,0,58,1,67
310.14,22,Travel,0,0,66,0,28
230.9,6,Clothing,0,0,63,0,28
196.87,23,Electronics,0,0,68,1,67
221.11,22,Clothing,0,0,41,1,18
34.4,5,Electronics,1,0,36,2,69
148.55,5,Food,0,0,51,2,41
161.88,0,Travel,0,0,54,2,47
495.21,11,Electronics,0,0,41,2,47
247.02,7,Clothing,0,0,41,0,48
60.21,15,Clothing,0,0,26,1,63
1.0,18,Travel,0,1,62,2,49
80.0,16,Grocery,0,0,96,8,43
31.29,23,Grocery,0,0,72,0,59
202.38,18,Electronics,0,0,86,3,19
86.04,4,Travel,0,1,50,0,24
309.15,1,Food,0,0,64,4,60
882.69,5,Travel,0,0,43,4,67
61.44,5,Clothing,0,0,76,3,32
48.99,10,Food,0,0,70,2,60
176.45,11,Food,0,0,25,4,39
222.47,10,Clothing,0,1,75,2,55
361.42,2,Grocery,0,0,28,5,43
226.47,0,Clothing,0,0,53,2,41
19.9,22,Grocery,0,0,58,3,33
168.15,1,Electronics,0,0,97,1,47
119.09,11,Grocery,1,0,43,3,65
164.33,4,Grocery,0,1,72,3,34
193.1,23,Clothing,0,0,85,1,64
109.1,8,Electronics,0,0,64,3,50
343.27,16,Food,0,0,70,2,23
329.64,8,Clothing,0,0,28,1,29
46.29,12,Electronics,0,0,94,2,60
501.88,4,Grocery,0,0,38,0,29
27.28,7,Electronics,0,0,53,0,27
3.58,13,Electronics,1,0,64,0,23
131.75,12,Clothing,0,0,41,1,28
13.39,7,Clothing,0,0,52,1,37
328.98,12,Electronics,0,1,61,5,59
754.05,20,Food,0,0,67,1,68
662.52,18,Electronics,0,0,57,3,40
17.44,19,Clothing,0,1,94,0,47
189.02,9,Clothing,0,0,75,3,27
169.93,9,Grocery,0,0,86,2,56
67.36,4,Travel,0,0,77,2,51
8.85,22,Electronics,0,0,53,0,32
349.55,3,Grocery,0,0,89,3,43
123.58,10,Electronics,0,1,26,3,63
374.31,21,Grocery,0,0,82,2,49
34.27,10,Food,0,0,71,3,48
110.69,4,Food,0,0,45,3,35
43.54,18,Travel,1,0,53,4,43
29.66,10,Clothing,0,0,29,1,44
262.88,11,Grocery,0,0,75,5,19
92.66,23,Electronics,0,1,62,2,28
366.6,9,Electronics,0,0,51,1,27
560.0,13,Food,0,0,48,1,52
85.74,6,Grocery,0,0,73,1,21
149.87,7,Food,0,0,63,3,62
347.05,14,Electronics,0,0,83,2,45
81.81,18,Food,0,0,31,1,24
365.31,14,Grocery,0,0,91,1,22
20.78,8,Grocery,0,0,41,1,29
511.56,5,Electronics,0,0,50,2,41
170.11,8,Food,0,0,60,1,51
23.52,19,Grocery,0,1,84,2,52
86.62,18,Grocery,0,0,81,1,54
544.36,20,Food,0,1,39,2,60
1.6,7,Electronics,0,0,77,2,26
435.09,0,Grocery,1,0,54,3,69
68.77,5,Electronics,1,0,29,1,52
15.03,17,Grocery,1,0,31,3,44
11.7,9,Travel,0,0,84,2,58
259.61,8,Grocery,0,0,40,5,64
491.44,11,Clothing,0,0,73,4,28
1.69,5,Food,0,0,87,2,68
472.96,13,Clothing,0,0,35,3,31
138.13,19,Food,0,0,66,3,29
165.19,9,Food,0,0,28,5,46
120.44,5,Electronics,0,0,99,2,25
521.2,8,Travel,0,0,80,3,50
41.75,3,Electronics,0,0,91,1,30
3.33,17,Food,0,0,36,6,65
20.31,7,Grocery,0,0,79,2,49
144.73,20,Food,0,0,74,0,51
71.62,17,Grocery,0,0,96,1,57
8.26,19,Travel,0,0,95,0,52
148.67,7,Clothing,1,0,41,3,27
853.09,4,Grocery,0,0,53,1,38
460.68,17,Clothing,0,0,38,4,68
67.28,16,Clothing,0,0,42,3,48
16.9,21,Grocery,0,0,60,1,42
5.57,5,Grocery,0,0,75,2,29
273.63,22,Electronics,0,0,51,0,44
154.3,0,Travel,0,0,71,2,24
281.14,18,Food,1,0,74,2,49
66.63,6,Food,0,0,85,5,40
196.96,18,Travel,0,0,87,0,18
72.74,16,Clothing,0,0,48,2,23
48.08,11,Electronics,1,0,57,0,60
61.99,18,Grocery,0,1,48,6,47
175.73,15,Travel,0,1,42,0,33
155.58,11,Food,0,0,85,2,38
158.36,6,Grocery,0,0,34,2,63
305.29,15,Food,0,0,42,2,29
244.98,0,Travel,1,0,28,3,28
0.36,9,Grocery,0,0,31,2,60
82.22,20,Food,0,0,61,1,32
323.42,8,Food,0,0,98,0,49
116.72,6,Electronics,0,0,69,5,38
112.28,11,Electronics,0,0,93,5,38
307.05,21,Grocery,0,0,36,1,22
226.88,19,Grocery,0,1,77,2,60
82.5,3,Travel,0,0,46,1,22
606.6,0,Clothing,0,0,34,0,49
145.48,10,Grocery,0,0,68,2,31
467.62,2,Electronics,0,0,27,2,55
610.11,11,Clothing,0,0,30,3,20
61.54,0,Travel,0,0,91,7,31
347.72,15,Travel,0,0,60,3,61
74.45,12,Grocery,0,0,64,1,41
27.79,14,Electronics,0,1,40,2,21
179.66,14,Electronics,0,0,27,6,69
163.18,17,Clothing,0,0,27,0,68
34.43,21,Clothing,0,0,33,1,27
46.09,20,Travel,0,0,32,7,27
82.23,7,Travel,0,0,38,0,61
9.68,9,Electronics,0,0,82,3,42
107.01,0,Electronics,0,0,42,2,47
515.89,22,Travel,0,1,52,1,60
115.37,3,Clothing,0,0,36,2,48
112.37,15,Electronics,0,0,50,4,21
235.36,23,Food,0,0,35,0,21
447.22,18,Food,0,0,33,2,25
707.51,17,Clothing,1,0,93,4,56
134.53,17,Clothing,0,0,43,3,68
149.66,4,Grocery,0,0,32,1,19
85.97,11,Food,0,0,77,1,49
253.12,15,Clothing,0,0,61,2,24
8.66,5,Electronics,0,0,95,1,19
207.19,21,Electronics,0,0,98,1,50
91.75,12,Electronics,0,0,46,0,47
28.65,13,Food,0,0,30,0,22
115.03,20,Travel,0,0,83,1,26
210.17,5,Electronics,1,0,36,2,40
68.7,20,Travel,0,0,88,0,33
179.6,0,Clothing,1,0,69,3,43
975.44,6,Clothing,0,0,89,1,48
263.29,11,Food,0,0,56,2,37
17.7,19,Clothing,0,0,91,3,35
248.37,20,Travel,0,1,44,2,57
203.49,17,Grocery,0,0,28,3,19
275.56,14,Clothing,0,0,30,6,32
124.91,3,Grocery,0,0,39,2,69
75.66,3,Travel,0,0,75,3,46
194.18,0,Electronics,0,0,61,3,35
473.81,21,Travel,1,0,83,2,30
157.45,1,Grocery,0,0,85,2,38
318.99,21,Electronics,0,0,47,1,68
27.32,15,Food,0,0,81,0,50
50.98,0,Food,0,0,62,0,22
540.24,8,Clothing,0,0,36,3,46
94.58,16,Grocery,0,1,85,1,26
189.6,9,Electronics,0,0,81,2,22
195.73,14,Electronics,0,0,43,3,64
250.09,17,Grocery,0,0,40,3,43
39.96,12,Grocery,0,0,95,3,28
67.93,6,Electronics,0,0,45,1,67
30.06,15,Clothing,0,0,70,1,56
251.98,22,Travel,0,0,75,5,61
501.5,14,Grocery,1,0,58,2,52
148.72,1,Travel,0,0,43,1,31
27.73,10,Clothing,0,0,27,2,32
180.63,6,Clothing,0,0,60,3,41
140.9,5,Electronics,0,0,86,1,43
50.5,23,Food,0,0,70,2,36
53.43,1,Food,0,0,87,2,67
2.34,13,Food,0,0,54,0,52
590.24,1,Clothing,0,0,96,2,50
0.47,5,Food,0,0,27,1,53
72.33,21,Travel,1,0,77,1,21
177.42,17,Electronics,0,0,75,1,31
65.07,15,Travel,1,1,46,1,66
135.77,15,Food,0,0,90,3,65
365.59,7,Food,0,0,59,0,24
90.5,0,Grocery,1,0,82,3,26
282.8,16,Food,0,0,84,2,31
119.44,21,Travel,0,0,63,3,60
160.82,10,Electronics,0,0,78,3,23
383.6,12,Travel,0,0,40,5,50
12.5,15,Grocery,0,0,75,3,37
10.64,7,Clothing,0,0,65,3,41
179.86,15,Travel,0,0,44,4,49
526.91,14,Electronics,0,0,30,1,21
80.37,9,Travel,0,0,68,3,29
100.41,19,Electronics,0,0,25,2,68
107.64,13,Travel,0,0,84,3,68
528.41,11,Food,1,0,48,5,32
65.28,4,Grocery,0,0,33,1,19
15.32,4,Electronics,1,0,32,2,27
61.81,13,Grocery,0,0,89,1,52
237.94,11,Food,0,1,47,0,21
368.17,3,Clothing,0,0,79,4,20
476.47,10,Electronics,1,0,66,4,68
1152.99,20,Food,0,1,50,4,53
3.08,0,Travel,0,1,67,3,49
71.51,10,Clothing,0,0,49,3,54
99.09,6,Electronics,0,0,37,5,39
229.13,11,Electronics,0,0,60,3,54
213.71,3,Travel,0,0,57,3,39
972.01,4,Electronics,0,0,62,1,54
139.89,7,Travel,0,0,77,1,59
149.39,10,Clothing,0,0,89,3,48
116.67,19,Electronics,0,1,49,3,51
32.72,17,Food,0,0,69,2,47
8.24,10,Electronics,1,0,91,1,43
293.68,8,Clothing,1,0,98,4,45
388.07,0,Clothing,0,0,36,1,18
400.4,16,Grocery,0,0,64,1,36
115.75,7,Food,0,0,92,1,32
89.89,0,Food,0,1,26,1,44
123.41,18,Clothing,1,0,87,3,49
122.91,9,Clothing,0,0,55,2,33
84.39,12,Clothing,0,0,61,3,49
22.25,7,Grocery,0,0,99,2,27
32.66,4,Travel,0,0,61,4,50
181.96,4,Clothing,0,0,84,0,65
218.2,16,Food,1,0,85,2,18
182.95,12,Food,0,0,63,1,38
33.49,22,Travel,0,0,95,1,26
254.99,5,Clothing,0,0,52,0,41
188.3,4,Food,0,0,49,4,46
485.89,18,Grocery,0,0,61,1,31
851.3,23,Electronics,0,0,61,0,44
56.51,3,Grocery,0,0,53,3,58
4.08,9,Travel,0,0,62,1,23
16.12,7,Electronics,0,0,62,2,62
277.69,19,Food,0,0,63,1,31
50.99,10,Electronics,0,0,31,1,22
737.06,0,Food,0,1,65,5,51
296.89,23,Electronics,0,0,36,1,30
103.42,17,Travel,0,0,92,3,67
36.13,2,Clothing,0,0,27,3,19
97.55,13,Electronics,0,0,90,2,20
104.58,12,Grocery,0,0,51,1,36
185.86,8,Food,0,0,86,0,47
144.42,5,Clothing,0,0,76,3,51
59.12,7,Travel,0,0,72,3,24
66.95,10,Grocery,0,0,69,1,25
156.48,8,Clothing,0,0,26,3,27
137.04,20,Electronics,0,0,33,0,52
479.82,7,Clothing,0,0,58,1,68
95.18,16,Food,0,0,76,1,64
125.73,16,Grocery,0,0,65,1,48
292.02,17,Clothing,0,0,73,0,54
95.34,20,Electronics,0,0,47,1,23
43.03,1,Travel,0,0,87,2,40
48.6,13,Grocery,0,0,95,1,62
34.77,23,Grocery,1,0,59,0,39
231.36,15,Clothing,0,0,65,1,58
182.0,10,Travel,0,0,58,6,41
131.52,16,Clothing,0,1,82,3,53
99.98,21,Electronics,0,0,75,1,48
82.58,7,Clothing,0,0,63,0,42
514.8,13,Grocery,1,0,31,0,48
18.11,19,Food,0,0,97,1,69
106.55,14,Food,0,0,60,4,58
64.05,6,Travel,0,0,52,0,52
53.74,18,Food,0,0,60,3,23
17.01,10,Electronics,0,1,58,5,40
11.06,14,Travel,0,0,46,2,37
60.69,6,Travel,0,0,30,0,61
75.32,14,Food,1,0,44,3,27
201.43,15,Food,0,0,95,0,37
23.53,17,Electronics,1,0,39,3,21
143.37,8,Clothing,1,0,49,0,18
85.41,21,Clothing,0,1,64,1,39
134.14,17,Food,0,0,66,1,43
54.09,7,Travel,0,0,63,1,57
50.91,20,Grocery,0,0,88,2,61
168.46,4,Travel,0,0,51,0,44
80.24,9,Travel,0,0,37,2,53
976.88,0,Clothing,0,0,60,2,20
86.17,11,Electronics,0,0,25,2,67
171.95,7,Travel,0,0,79,2,18
300.78,7,Food,0,1,89,4,39
136.35,19,Grocery,0,0,56,2,24
121.56,15,Electronics,0,0,36,0,32
670.4,14,Grocery,0,0,35,2,27
43.41,1,Clothing,0,0,46,2,43
157.09,2,Food,0,0,35,3,41
27.17,12,Grocery,0,0,63,1,21
154.74,0,Travel,0,0,28,2,32
302.49,17,Electronics,0,0,71,1,60
95.95,0,Electronics,0,1,87,2,44
121.87,19,Travel,1,0,72,1,64
336.28,2,Grocery,0,0,61,0,26
668.45,9,Electronics,0,1,91,2,48
131.76,5,Travel,1,0,46,2,69
13.24,22,Clothing,1,0,83,2,64
69.47,17,Clothing,0,0,69,3,68
144.5,6,Grocery,1,0,94,1,43
78.19,19,Food,0,0,69,0,37
496.41,6,Clothing,0,0,26,0,31
98.81,19,Electronics,0,0,77,0,63
431.45,0,Travel,0,0,51,3,56
52.23,11,Clothing,0,0,97,3,31
60.45,4,Grocery,0,0,89,4,59
108.86,20,Travel,0,0,87,9,25
335.19,2,Clothing,0,0,49,4,48
345.89,4,Travel,0,0,70,2,56
122.13,1,Travel,0,1,28,1,35
188.65,20,Travel,0,1,90,1,58
6.04,23,Clothing,0,0,67,1,40
197.0,3,Clothing,0,0,62,2,38
15.93,3,Grocery,0,0,55,3,49
15.51,18,Food,0,0,35,4,47
192.17,12,Travel,0,0,95,2,30
61.44,16,Food,0,0,56,1,46
22.51,21,Food,0,0,32,2,27
161.52,12,Food,0,0,57,2,23
201.77,0,Travel,1,1,43,1,49
11.91,5,Clothing,0,0,89,2,33
188.5,22,Travel,0,0,58,1,28
141.99,11,Electronics,0,1,92,3,26
179.64,15,Electronics,0,0,26,3,38
126.26,11,Travel,0,0,44,2,24
103.11,11,Grocery,0,1,88,4,39
31.54,11,Travel,0,0,25,1,31
149.77,7,Grocery,0,0,70,3,19
469.8,9,Food,0,0,52,3,31
35.07,20,Electronics,1,0,69,1,23
254.85,16,Clothing,0,0,94,2,36
72.62,13,Electronics,0,0,63,3,28
152.93,0,Food,0,1,77,2,54
162.86,22,Electronics,0,0,70,2,24
115.23,9,Clothing,0,0,58,4,39
58.72,18,Travel,0,0,73,1,26
2.57,1,Clothing,0,0,62,2,64
135.77,0,Clothing,0,0,70,1,27
357.53,5,Electronics,0,0,59,3,34
376.7,18,Clothing,0,0,48,2,51
92.0,10,Clothing,1,0,81,2,27
145.28,11,Food,0,0,65,0,65
81.63,14,Grocery,0,0,89,2,44
126.83,14,Grocery,0,0,29,2,32
87.83,19,Clothing,0,0,80,5,31
661.78,19,Electronics,0,0,91,3,32
495.59,2,Travel,0,0,60,2,57
10.13,19,Travel,1,1,50,1,27
125.9,0,Clothing,1,0,45,5,55
284.71,15,Travel,0,0,42,3,50
411.96,23,Food,0,0,75,1,44
68.4,0,Grocery,0,0,45,2,35
36.94,22,Food,1,0,56,3,40
124.18,19,Clothing,1,0,80,0,22
65.86,18,Grocery,0,0,77,1,23
59.45,17,Electronics,0,0,56,2,53
501.04,13,Food,0,0,70,0,19
741.11,14,Electronics,0,0,76,1,49
78.39,19,Travel,0,0,83,2,38
85.02,18,Clothing,0,0,74,3,46
91.29,9,Grocery,0,0,35,2,18
54.61,4,Travel,0,0,96,2,38
43.5,4,Clothing,0,0,75,1,61
407.56,1,Grocery,1,0,36,2,34
60.44,9,Grocery,1,0,55,2,24
136.64,14,Grocery,1,0,65,3,58
469.13,6,Clothing,0,0,92,2,57
100.27,23,Clothing,0,0,80,5,69
466.85,21,Food,0,0,52,3,56
139.46,16,Electronics,0,0,68,2,67
242.69,19,Electronics,0,0,87,0,21
256.43,8,Grocery,0,1,48,2,18
247.76,17,Clothing,0,1,68,4,22
157.6,16,Food,0,0,28,0,49
225.07,18,Electronics,0,0,80,2,19
126.77,8,Electronics,1,0,79,3,59
218.21,14,Travel,0,1,26,0,31
68.44,1,Travel,0,0,33,2,68
4.84,5,Food,0,0,59,2,61
581.06,5,Food,0,0,31,1,26
86.33,12,Clothing,0,0,60,2,22
255.27,20,Food,0,0,61,3,40
88.01,1,Electronics,0,1,68,0,20
34.99,0,Food,0,0,43,1,50
95.59,10,Grocery,0,0,38,3,66
110.32,17,Clothing,0,0,45,2,37
51.61,12,Food,0,0,92,4,52
589.45,21,Travel,0,0,92,1,24
106.31,14,Grocery,0,0,64,2,32
44.77,5,Electronics,0,0,79,2,55
170.49,17,Travel,0,0,78,1,50
52.42,4,Grocery,0,0,78,3,20
4.45,16,Grocery,0,0,25,3,47
477.89,18,Electronics,0,0,48,3,22
60.67,18,Travel,0,0,68,4,69
44.84,17,Grocery,0,0,33,4,43
417.43,3,Food,0,0,31,5,35
266.37,5,Travel,0,0,66,1,38
71.08,23,Grocery,0,0,32,4,27
267.69,3,Grocery,0,0,34,2,28
221.55,14,Grocery,0,0,61,0,66
767.52,4,Clothing,1,1,80,4,62
226.98,1,Travel,0,0,42,4,37
183.53,19,Electronics,0,1,44,2,49
152.89,4,Travel,0,0,77,2,60
123.74,15,Clothing,0,0,87,2,26
149.08,22,Travel,0,0,98,2,40
3.94,1,Travel,0,0,85,0,44
335.63,17,Food,0,0,54,2,38
119.28,1,Grocery,0,0,77,1,18
239.53,17,Grocery,0,0,44,0,51
161.33,19,Grocery,0,0,85,4,56
264.33,18,Clothing,0,0,48,1,52
130.73,20,Travel,0,0,76,1,38
144.41,6,Food,0,0,39,2,41
254.87,22,Grocery,0,0,95,3,32
214.03,2,Electronics,0,0,73,3,22
274.19,1,Clothing,0,0,62,0,53
188.27,10,Electronics,0,0,73,3,30
585.89,9,Travel,0,0,74,3,62
70.35,15,Food,0,0,32,1,69
60.0,2,Grocery,1,0,25,2,45
535.37,1,Electronics,0,0,94,0,40
176.86,12,Clothing,0,0,34,2,35
190.88,0,Clothing,0,0,63,1,25
745.58,3,Electronics,0,0,94,3,39
135.07,20,Electronics,1,0,72,0,52
7.22,17,Clothing,0,0,73,0,23
14.01,19,Grocery,0,0,93,2,69
550.85,22,Travel,0,0,86,0,19
126.48,9,Clothing,0,0,30,5,68
101.49,19,Grocery,0,0,82,1,29
417.99,11,Electronics,0,0,27,1,22
265.43,6,Travel,0,0,38,2,22
2.77,22,Food,0,0,98,4,20
252.62,21,Travel,0,0,45,0,51
410.08,20,Food,0,0,89,2,37
46.87,8,Food,0,0,90,2,54
203.72,3,Food,0,0,42,1,29
276.69,5,Clothing,0,1,40,1,21
7.51,4,Grocery,0,0,28,1,31
10.25,17,Electronics,0,1,90,1,28
17.85,0,Clothing,1,0,30,3,40
149.67,16,Food,0,0,42,2,35
104.32,0,Food,0,0,55,1,28
213.93,8,Clothing,0,0,77,0,53
31.95,16,Grocery,0,0,37,3,47
2.11,17,Food,0,0,92,2,53
185.04,17,Grocery,0,0,46,4,59
51.26,18,Clothing,0,0,57,1,42
8.27,3,Clothing,0,0,81,4,24
190.39,19,Food,0,0,41,2,62
2.19,19,Travel,0,1,86,2,33
68.35,10,Electronics,1,0,83,1,28
150.2,14,Grocery,0,1,73,4,47
21.1,3,Travel,0,1,28,2,37
194.9,10,Clothing,0,0,62,1,21
103.56,20,Food,0,0,96,2,25
27.34,6,Food,0,0,70,2,35
213.12,13,Electronics,0,0,95,3,55
84.29,15,Grocery,0,1,29,1,52
121.01,19,Clothing,1,0,39,3,22
143.58,8,Grocery,0,0,34,2,36
13.52,21,Grocery,0,0,26,7,34
238.11,18,Travel,0,0,38,2,63
306.5,7,Grocery,0,0,57,0,67
94.29,12,Clothing,0,0,87,3,44
684.67,2,Clothing,0,0,38,1,20
105.24,5,Electronics,0,0,81,1,65
203.66,21,Clothing,0,0,84,2,29
398.91,1,Grocery,0,0,55,2,36
51.84,18,Electronics,0,0,99,1,53
6.35,10,Clothing,0,0,96,8,40
439.12,11,Travel,0,0,39,5,21
170.17,3,Electronics,0,0,40,5,57
52.26,9,Food,1,0,64,2,41
15.33,17,Electronics,1,0,98,2,41
74.47,22,Clothing,0,0,62,0,34
250.38,21,Electronics,0,0,41,1,63
93.55,5,Food,0,0,32,3,31
214.27,18,Electronics,0,0,91,0,22
1060.52,17,Grocery,0,0,35,2,34
715.09,0,Clothing,0,0,55,2,55
200.91,21,Grocery,0,0,53,3,62
111.41,22,Travel,0,0,48,4,29
17.5,8,Electronics,0,0,44,2,38
151.07,20,Food,0,0,99,2,20
52.45,4,Travel,0,0,96,3,32
266.33,9,Travel,0,0,38,2,45
141.26,17,Travel,0,0,85,0,33
108.37,4,Electronics,0,0,41,2,43
1370.04,7,Grocery,0,0,54,3,30
517.0,0,Electronics,0,0,96,4,52
34.04,11,Clothing,0,0,36,0,42
2.61,19,Electronics,1,0,47,5,59
104.41,17,Travel,0,0,46,1,61
333.44,13,Clothing,0,0,93,0,31
19.16,6,Travel,1,0,78,0,21
343.39,21,Grocery,0,0,92,2,37
2.93,13,Clothing,1,0,93,4,60
34.49,14,Electronics,0,0,94,2,67
229.53,21,Travel,0,0,39,5,26
354.08,9,Clothing,0,0,74,1,59
558.44,17,Food,0,0,95,2,49
1.47,1,Clothing,0,0,68,4,52
282.26,17,Travel,0,0,62,3,32
59.82,4,Food,0,0,41,1,40
170.18,0,Grocery,0,0,63,4,57
29.59,13,Travel,0,0,84,1,20
154.82,23,Grocery,0,0,49,0,21
7.41,4,Grocery,0,0,76,4,19
178.01,15,Food,0,0,94,1,37
80.47,3,Food,0,0,62,3,57
48.06,4,Electronics,0,1,43,2,63
796.32,1,Electronics,0,0,90,2,60
17.88,23,Travel,0,1,48,2,20
71.77,1,Clothing,1,0,46,0,45
26.87,0,Grocery,0,1,32,0,21
23.14,20,Clothing,1,0,44,4,38
10.44,3,Food,0,0,44,1,49
200.49,7,Grocery,0,0,62,2,62
54.52,21,Grocery,0,0,44,4,19
34.73,1,Travel,0,0,93,4,50
606.75,0,Food,0,0,68,2,47
4.69,7,Travel,0,0,60,2,63
108.15,15,Food,0,0,88,1,42
53.75,3,Grocery,0,0,29,2,62
0.13,13,Grocery,0,0,96,2,18
54.86,1,Food,1,0,44,1,69
8.08,14,Electronics,1,0,82,2,46
68.18,7,Travel,0,0,43,1,56
130.82,16,Electronics,0,0,94,1,46
238.61,2,Electronics,0,0,46,4,40
42.6,13,Travel,0,0,51,1,46
8.49,18,Grocery,0,0,93,0,69
237.91,23,Food,0,0,70,1,28
4.94,23,Electronics,0,0,54,2,56
342.22,20,Food,0,0,54,2,36
162.85,9,Clothing,1,0,47,4,43
63.73,15,Clothing,0,0,66,3,44
176.52,10,Electronics,0,0,39,1,33
156.83,14,Food,0,0,78,2,29
42.4,22,Grocery,0,0,34,0,36
19.0,18,Grocery,0,0,38,5,45
210.28,21,Food,0,0,30,1,34
135.83,0,Travel,0,0,95,4,28
92.24,1,Food,1,0,39,0,32
118.04,15,Food,0,0,35,7,29
159.07,8,Clothing,0,0,36,2,38
95.32,12,Clothing,0,0,36,4,37
110.22,17,Electronics,0,0,69,0,55
33.69,17,Food,0,0,78,2,43
83.94,9,Grocery,0,0,90,0,64
319.93,9,Electronics,1,0,90,2,27
46.45,1,Electronics,0,0,82,3,31
122.09,11,Grocery,0,1,75,2,54
195.37,22,Food,0,0,66,3,52
110.33,17,Travel,0,0,71,2,19
114.84,21,Travel,0,0,55,1,28
2.25,8,Electronics,0,0,83,1,25
47.04,5,Clothing,0,1,32,0,61
261.26,8,Food,0,1,34,3,64
114.93,23,Travel,0,0,94,0,29
30.82,2,Grocery,1,0,62,0,59
931.07,19,Clothing,0,0,81,2,54
119.94,16,Electronics,0,1,86,3,38
61.05,7,Electronics,0,0,45,2,41
85.28,19,Clothing,0,0,30,1,47
150.16,3,Electronics,0,0,61,2,60
650.22,19,Electronics,0,1,46,1,69
153.41,14,Electronics,0,0,79,2,68
382.28,2,Grocery,0,0,45,3,33
340.01,15,Electronics,0,0,51,3,41
13.04,14,Electronics,0,0,77,3,36
3.19,1,Grocery,1,0,45,2,51
82.41,12,Travel,0,0,93,3,62
32.9,11,Food,0,0,91,2,46
93.87,7,Electronics,0,0,56,0,69
240.65,13,Clothing,0,0,91,2,57
180.08,8,Electronics,0,0,86,0,54
60.18,14,Electronics,0,1,28,1,57
203.87,10,Grocery,0,0,43,3,29
61.96,7,Electronics,0,0,73,2,68
456.6,23,Travel,0,0,72,2,28
153.24,15,Food,0,0,32,2,27
261.71,1,Electronics,0,0,30,3,57
2.95,9,Food,0,0,91,4,25
86.96,6,Grocery,0,0,78,0,62
152.17,10,Clothing,1,0,29,3,67
212.45,0,Clothing,0,0,37,4,51
31.74,1,Electronics,0,0,67,3,43
118.41,13,Food,0,0,44,2,51
204.89,10,Travel,0,0,64,1,65
1.33,16,Food,0,0,49,2,47
219.78,9,Food,0,0,98,3,65
140.52,23,Travel,1,0,54,0,36
195.1,6,Food,0,0,25,1,34
67.83,4,Clothing,0,0,79,3,49
786.42,6,Travel,1,0,92,2,37
184.47,8,Travel,0,0,71,3,19
123.0,12,Electronics,0,0,48,1,54
157.44,22,Food,0,0,63,3,45
109.47,1,Grocery,0,0,51,0,42
40.2,8,Food,0,0,71,2,58
38.5,1,Clothing,0,0,79,1,21
74.03,14,Food,0,0,54,1,69
7.21,11,Clothing,0,0,31,1,59
99.48,6,Food,0,0,76,1,34
429.85,21,Grocery,0,0,47,1,59
522.13,10,Clothing,0,0,77,1,53
382.63,13,Food,0,0,98,0,59
265.52,1,Electronics,0,1,93,1,58
414.94,20,Electronics,1,0,55,2,64
43.83,13,Clothing,0,0,92,1,24
611.81,18,Travel,0,0,70,2,44
358.24,4,Electronics,0,0,99,1,37
25.79,22,Grocery,0,0,32,4,35
56.59,15,Travel,0,0,25,3,24
395.27,10,Clothing,0,0,36,3,65
262.35,15,Grocery,0,0,44,0,55
51.4,5,Clothing,1,0,71,3,25
28.33,22,Food,0,0,51,2,20
292.09,7,Food,0,0,46,2,40
100.5,14,Electronics,0,1,41,2,68
37.95,1,Grocery,0,0,84,1,20
312.45,17,Grocery,0,1,29,2,48
13.94,17,Grocery,1,0,52,1,24
270.06,5,Food,0,0,45,3,60
101.06,22,Clothing,0,1,89,6,33
70.84,2,Clothing,0,0,61,4,18
98.49,6,Grocery,0,0,88,3,48
321.92,22,Travel,1,0,79,2,53
73.2,1,Grocery,0,0,64,2,38
21.63,22,Food,0,0,48,4,69
682.47,14,Grocery,0,0,50,3,54
405.83,13,Grocery,0,0,53,3,49
104.06,9,Travel,0,0,79,2,52
139.14,13,Clothing,0,0,67,1,28
763.3,13,Clothing,0,1,42,2,19
77.51,23,Travel,0,0,52,1,19
407.08,19,Food,0,0,88,1,38
203.59,6,Clothing,0,0,98,6,68
49.36,23,Electronics,0,0,80,1,44
97.36,5,Food,0,1,58,0,56
49.89,1,Food,0,0,90,0,48
39.99,19,Clothing,0,0,98,1,34
315.25,13,Electronics,0,0,57,1,69
69.15,17,Food,0,0,49,2,31
80.67,18,Electronics,0,0,80,3,50
87.96,3,Travel,0,0,82,1,31
515.71,0,Food,0,0,28,3,43
296.18,16,Clothing,0,0,53,2,55
124.37,7,Electronics,0,0,30,3,55
433.29,10,Clothing,1,0,60,3,33
270.81,15,Clothing,0,0,51,1,26
138.25,16,Clothing,0,0,26,3,42
69.35,15,Grocery,0,0,72,1,55
38.35,1,Clothing,0,0,67,2,18
45.08,11,Grocery,0,0,40,4,44
60.58,14,Food,0,0,28,3,50
107.69,10,Clothing,0,0,76,3,36
39.03,19,Grocery,0,1,51,3,30
182.81,12,Food,0,0,78,1,30
61.96,8,Travel,0,0,76,3,31
78.02,12,Food,0,0,34,3,67
1.79,9,Grocery,0,1,34,2,38
129.17,12,Food,0,0,61,3,37
49.1,15,Grocery,0,0,70,2,36
74.9,2,Electronics,0,0,96,2,29
83.53,5,Food,0,0,99,2,62
570.33,4,Electronics,0,0,26,1,68
144.86,4,Electronics,0,0,60,3,19
215.9,15,Travel,0,0,73,1,47
104.42,8,Electronics,0,0,99,1,31
37.17,2,Food,1,0,44,4,20
408.74,1,Grocery,0,0,98,0,22
188.29,5,Clothing,1,0,61,1,18
125.44,0,Food,0,0,61,1,48
2.48,8,Grocery,0,0,80,1,50
1112.79,1,Grocery,0,0,80,1,37
574.39,5,Grocery,0,0,44,2,64
59.5,10,Travel,0,0,54,2,34
187.61,0,Travel,0,0,42,3,29
64.67,0,Food,0,0,64,0,65
561.91,8,Grocery,0,0,43,1,69
357.06,1,Grocery,0,1,54,3,40
22.59,0,Grocery,0,0,42,2,24
57.18,9,Clothing,0,1,88,3,65
321.47,8,Travel,0,0,81,2,23
229.37,6,Clothing,0,1,53,2,66
36.94,20,Travel,0,1,97,2,44
139.15,14,Electronics,0,0,69,1,50
397.34,13,Grocery,0,1,82,1,45
86.23,15,Electronics,0,0,38,1,29
472.98,23,Electronics,1,1,99,0,68
13.58,14,Electronics,0,0,73,3,51
139.52,14,Grocery,0,0,61,0,43
150.42,4,Electronics,0,0,25,1,39
22.65,4,Food,0,0,52,0,30
353.17,14,Travel,0,0,64,2,27
37.63,5,Travel,0,0,87,3,57
295.2,6,Electronics,0,0,45,0,22
75.3,17,Travel,0,0,42,2,29
276.83,21,Travel,1,0,77,3,30
431.1,3,Clothing,0,1,28,3,44
12.87,11,Grocery,0,0,91,3,62
76.39,14,Travel,0,0,57,1,55
193.92,16,Food,0,0,85,2,50
52.55,6,Clothing,0,0,34,1,25
12.53,6,Travel,0,0,61,1,34
233.09,20,Grocery,0,0,46,1,29
44.98,5,Clothing,0,0,97,2,29
239.69,5,Food,0,0,63,3,24
145.34,22,Clothing,0,0,84,2,19
47.22,12,Food,0,0,76,0,28
84.06,9,Food,0,1,26,4,50
13.63,3,Food,0,0,80,1,61
294.34,7,Food,0,0,32,0,37
61.38,4,Travel,0,0,25,1,20
39.94,22,Electronics,1,0,49,0,32
51.53,7,Travel,1,0,37,1,60
92.45,4,Travel,0,0,92,2,34
311.16,0,Food,1,0,28,0,38
156.47,16,Travel,0,0,82,1,54
56.19,8,Electronics,0,0,67,0,65
136.62,1,Clothing,0,0,51,2,46
91.65,17,Clothing,0,0,30,3,40
228.74,20,Electronics,0,0,75,2,49
263.81,1,Travel,0,0,92,2,43
57.98,14,Food,0,0,39,3,60
178.34,4,Clothing,0,0,91,3,64
116.21,18,Travel,0,0,32,4,40
379.43,10,Grocery,0,0,46,0,33
30.27,0,Food,0,0,83,4,31
180.92,15,Electronics,1,0,55,0,61
121.74,15,Grocery,0,0,67,0,20
26.14,12,Travel,0,0,56,3,54
128.31,5,Clothing,0,0,84,4,44
63.58,16,Food,0,0,77,2,28
181.25,4,Clothing,0,0,61,2,49
970.18,3,Travel,0,0,96,1,65
21.28,20,Travel,0,0,77,4,48
184.65,6,Clothing,0,0,74,1,39
29.97,7,Clothing,0,0,95,2,35
98.28,1,Travel,0,0,95,4,63
309.93,19,Food,0,0,58,1,25
70.2,20,Electronics,0,0,64,3,21
44.92,10,Grocery,0,0,95,2,39
85.98,3,Electronics,0,0,90,2,47
8.7,16,Food,0,0,67,2,40
174.28,2,Food,0,1,90,6,48
260.31,11,Electronics,0,0,91,4,64
27.68,4,Food,0,0,98,4,43
406.87,21,Food,0,0,62,3,42
119.57,8,Clothing,0,0,39,3,58
56.1,21,Travel,0,1,52,1,30
26.32,12,Clothing,0,0,53,0,56
46.66,5,Electronics,0,0,80,3,57
389.19,9,Clothing,0,0,41,2,32
52.91,14,Travel,0,0,80,2,38
217.3,0,Grocery,0,0,34,6,59
369.39,5,Food,1,0,87,2,63
196.84,6,Grocery,1,1,75,5,65
12.37,3,Electronics,0,0,98,2,37
186.5,22,Electronics,0,0,30,2,48
97.73,14,Electronics,0,0,42,1,41
292.58,15,Clothing,0,0,98,5,49
268.6,0,Food,0,0,85,1,34
303.14,22,Food,0,0,68,1,59
207.78,10,Electronics,0,0,58,2,44
26.02,3,Clothing,0,0,33,0,66
235.24,9,Electronics,1,0,97,1,56
119.54,18,Electronics,0,0,85,3,25
136.71,2,Grocery,0,0,54,0,56
188.62,22,Travel,0,0,74,5,22
45.0,8,Travel,0,0,51,1,65
74.03,12,Food,0,0,72,2,28
140.84,22,Food,0,0,32,2,58
141.66,1,Grocery,0,0,34,2,49
21.94,16,Grocery,0,0,25,2,39
284.22,20,Food,0,0,27,2,68
411.89,3,Travel,1,0,62,1,36
3.57,1,Grocery,0,0,71,0,22
405.25,12,Clothing,0,0,59,1,52
435.29,5,Electronics,0,0,43,1,33
422.27,4,Electronics,0,0,39,2,59
185.3,0,Travel,0,0,50,2,30
64.09,21,Grocery,1,0,89,1,21
49.67,12,Electronics,1,0,92,2,68
79.73,2,Food,0,1,69,2,22
202.76,13,Food,0,0,63,3,51
547.41,3,Travel,0,0,78,1,37
62.78,1,Grocery,0,0,80,4,46
508.5,2,Travel,0,0,36,3,53
51.54,23,Clothing,0,0,48,3,67
324.95,3,Grocery,0,0,42,3,58
203.61,15,Electronics,0,0,98,3,58
571.12,12,Food,0,0,75,1,29
403.06,8,Food,1,0,55,4,31
134.69,4,Electronics,0,0,31,3,38
211.85,14,Travel,0,1,55,0,60
86.66,23,Grocery,0,1,26,1,36
124.12,1,Travel,0,0,96,4,29
163.66,16,Travel,0,0,38,2,39
149.38,0,Grocery,0,0,59,2,43
86.94,14,Clothing,0,0,52,3,19
228.06,19,Electronics,0,0,26,3,42
174.61,3,Food,0,0,53,3,45
10.7,17,Clothing,0,0,72,4,49
45.41,13,Electronics,0,0,94,3,62
636.91,16,Travel,0,0,94,3,57
24.48,2,Food,0,0,32,4,53
231.94,9,Travel,0,0,93,1,27
529.32,8,Clothing,0,0,71,0,29
448.59,8,Grocery,0,0,66,4,45
561.91,17,Grocery,0,0,74,5,42
81.25,14,Food,0,0,36,1,21
32.23,19,Food,0,0,32,3,39
336.97,2,Grocery,0,0,27,2,62
95.1,23,Electronics,0,1,52,1,36
475.63,10,Electronics,0,0,64,0,26
49.57,18,Electronics,0,0,94,2,50
660.01,23,Food,1,0,70,2,23
40.76,2,Clothing,0,0,59,1,42
199.04,1,Travel,0,0,64,2,49
37.21,10,Clothing,0,0,75,1,47
236.26,5,Clothing,0,0,99,1,21
49.63,9,Food,1,0,60,1,36
30.04,1,Food,0,1,89,0,32
75.37,18,Food,0,0,94,4,62
286.35,16,Travel,0,0,96,2,34
10.54,21,Clothing,0,0,75,2,26
13.6,21,Food,0,0,90,2,66
211.36,13,Electronics,0,0,79,1,45
284.56,9,Travel,1,1,99,2,43
10.48,17,Clothing,1,0,40,4,55
4.0,15,Grocery,0,0,46,4,56
73.75,19,Electronics,0,0,47,0,42
137.75,8,Travel,0,0,66,1,33
119.4,23,Grocery,0,0,44,2,23
141.6,2,Food,0,0,28,2,47
345.33,17,Food,0,0,99,1,52
558.9,19,Food,0,0,59,1,59
651.11,10,Grocery,0,0,91,1,48
135.41,22,Grocery,0,0,30,1,52
521.31,13,Travel,0,0,88,3,19
338.34,7,Electronics,0,0,73,4,18
392.6,8,Food,0,0,52,1,33
129.67,7,Travel,0,0,67,4,46
63.29,19,Electronics,0,0,70,3,39
254.3,0,Clothing,0,0,69,0,48
70.56,22,Food,0,0,43,1,47
26.78,21,Clothing,0,0,77,5,58
93.6,11,Clothing,0,1,51,0,22
78.67,15,Electronics,0,0,42,4,45
535.26,6,Clothing,0,0,44,7,50
178.54,8,Travel,0,0,80,1,63
118.1,8,Food,0,0,45,0,63
226.37,3,Grocery,1,0,65,1,47
96.18,9,Clothing,0,0,78,2,26
103.74,3,Travel,0,0,64,3,65
248.15,13,Grocery,0,0,61,3,59
92.6,18,Electronics,0,0,74,2,57
435.69,3,Clothing,0,0,35,1,38
8.04,18,Grocery,0,0,73,3,22
25.14,10,Travel,0,0,65,4,37
104.86,9,Travel,0,0,63,1,25
10.32,11,Food,0,0,45,1,45
126.65,17,Food,0,0,30,0,60
32.84,3,Food,0,0,43,2,38
161.55,20,Travel,0,0,62,3,52
228.15,8,Clothing,0,0,73,4,58
309.4,15,Food,0,0,83,1,44
367.2,23,Clothing,0,0,37,1,37
203.21,20,Travel,0,0,38,2,62
29.61,15,Grocery,0,0,82,1,46
83.48,2,Electronics,0,0,70,1,38
54.69,8,Travel,0,0,66,5,64
32.86,19,Clothing,0,0,80,2,59
223.52,7,Food,0,1,44,3,30
553.93,11,Grocery,0,0,31,1,67
22.36,20,Travel,1,0,31,3,59
14.71,15,Food,0,0,70,2,18
79.71,11,Food,0,0,93,1,21
1009.55,2,Grocery,0,0,37,0,27
244.07,3,Food,0,0,85,3,27
138.45,19,Travel,1,0,87,0,42
60.77,22,Clothing,0,0,49,1,35
627.69,5,Electronics,0,0,44,2,49
454.17,21,Travel,0,0,25,1,64
235.47,22,Travel,1,0,77,3,53
67.55,10,Clothing,0,0,96,1,26
172.92,2,Electronics,0,0,71,5,48
31.62,15,Electronics,0,0,42,1,26
111.24,8,Food,1,1,89,0,19
792.92,21,Grocery,0,0,88,0,31
198.59,11,Travel,0,0,59,8,25
21.6,2,Electronics,0,0,44,2,53
132.31,16,Electronics,0,1,53,1,24
31.8,5,Clothing,0,0,26,1,45
1056.93,18,Clothing,1,0,63,2,35
170.78,14,Clothing,0,0,68,2,53
189.39,6,Travel,0,1,74,2,41
138.04,12,Clothing,0,0,40,2,29
306.64,4,Grocery,0,0,53,2,44
15.83,16,Clothing,0,0,97,2,62
94.77,23,Travel,0,0,51,3,50
18.57,4,Grocery,0,0,26,2,20
176.14,12,Grocery,0,0,98,4,59
40.57,13,Travel,0,0,47,2,29
68.27,8,Clothing,0,0,67,0,66
24.53,16,Travel,0,0,26,2,67
246.28,2,Electronics,0,0,77,1,57
97.36,13,Food,0,1,85,5,29
49.88,19,Clothing,0,0,45,2,59
88.43,7,Travel,0,0,43,1,27
579.45,3,Food,0,0,39,1,39
164.53,23,Travel,0,0,27,3,26
95.19,23,Clothing,0,0,92,1,42
451.06,14,Grocery,0,0,30,6,69
168.53,9,Clothing,0,0,60,2,59
622.61,4,Clothing,0,0,63,0,34
332.66,7,Food,0,0,26,2,46
294.66,19,Food,0,0,65,2,50
417.69,18,Electronics,0,0,59,3,61
163.35,0,Clothing,0,0,36,2,69
184.14,11,Food,0,0,36,1,19
265.82,11,Travel,0,0,25,0,53
85.26,19,Clothing,0,1,46,3,41
132.66,3,Food,0,0,45,2,59
98.89,11,Travel,1,1,95,0,34
916.39,9,Travel,0,0,90,4,68
290.94,16,Clothing,0,0,64,1,29
87.94,22,Clothing,0,0,45,3,47
82.13,10,Food,0,0,95,2,53
100.21,21,Clothing,0,0,48,1,63
31.15,8,Clothing,1,1,67,2,69
3.58,21,Grocery,0,0,81,1,69
342.87,1,Food,1,1,55,2,65
586.28,20,Food,0,0,71,2,62
54.06,4,Grocery,0,0,89,2,48
391.84,4,Grocery,0,0,55,1,42
180.13,18,Food,1,0,62,2,44
66.74,21,Food,0,0,31,4,42
232.11,14,Travel,0,0,80,1,44
222.05,16,Food,0,1,30,0,37
258.55,8,Food,0,0,42,7,46
95.29,1,Electronics,0,0,93,1,60
93.64,22,Electronics,1,0,75,0,39
3.48,23,Electronics,0,1,91,4,50
188.32,8,Clothing,0,0,46,0,64
89.78,7,Clothing,1,0,54,1,22
106.65,22,Travel,0,0,89,1,45
119.93,14,Clothing,0,0,91,1,32
334.28,21,Clothing,0,0,27,1,51
88.42,3,Grocery,0,0,51,1,53
443.85,10,Clothing,0,0,57,2,39
308.53,0,Food,0,0,35,2,57
105.06,2,Grocery,0,0,62,3,52
121.77,12,Clothing,0,0,42,4,53
215.02,2,Food,0,0,34,2,28
202.96,17,Clothing,1,0,74,0,43
118.76,23,Travel,0,0,95,2,32
113.03,11,Food,0,0,86,4,28
13.74,10,Grocery,0,0,56,1,63
131.49,1,Food,0,0,40,3,64
225.76,6,Grocery,1,0,62,5,37
22.75,23,Clothing,0,0,48,2,59
370.2,8,Grocery,0,0,73,4,68
3.74,16,Grocery,0,0,58,2,28
33.91,14,Clothing,1,0,62,1,63
63.25,6,Travel,0,1,29,1,34
40.07,23,Travel,0,0,45,2,61
46.73,13,Electronics,0,0,40,1,28
41.12,7,Clothing,0,0,72,1,63
42.89,8,Grocery,0,0,59,2,53
18.81,3,Food,0,0,45,1,37
159.97,18,Electronics,0,0,33,3,36
128.55,0,Electronics,0,0,72,1,69
72.52,7,Clothing,0,0,60,1,61
311.1,16,Travel,0,0,99,0,51
76.71,15,Grocery,0,0,89,1,18
202.19,11,Clothing,0,0,46,1,44
123.61,0,Electronics,1,0,89,2,54
102.06,6,Clothing,1,1,45,4,65
7.23,7,Grocery,0,0,78,1,66
95.61,0,Clothing,0,0,69,2,20
52.34,0,Clothing,0,0,76,0,43
570.38,9,Clothing,0,0,94,1,32
169.78,18,Grocery,1,0,97,5,48
82.86,17,Travel,0,0,91,0,44
64.44,18,Food,0,0,42,0,67
59.95,2,Electronics,0,0,82,4,26
44.14,17,Electronics,1,0,45,1,59
127.8,21,Food,0,0,64,2,44
95.82,20,Electronics,0,0,94,1,27
49.87,15,Electronics,1,0,79,1,68
138.6,1,Clothing,0,1,69,0,54
236.02,12,Travel,0,0,71,3,61
214.93,23,Food,0,0,92,1,43
72.67,12,Travel,0,0,83,1,19
38.14,21,Grocery,0,0,42,3,33
383.11,4,Electronics,0,0,67,4,29
230.07,12,Grocery,1,0,34,2,25
134.77,22,Travel,0,0,84,1,66
75.05,1,Travel,0,0,46,4,28
155.33,4,Grocery,0,0,52,0,23
3.87,17,Food,0,0,60,1,50
199.03,22,Grocery,1,0,32,2,59
12.0,16,Food,0,0,55,1,45
128.31,3,Travel,0,0,41,1,23
211.92,13,Grocery,0,0,87,1,69
317.04,6,Food,0,0,46,1,58
19.34,2,Clothing,1,0,91,0,40
166.36,17,Grocery,0,0,31,1,28
91.05,1,Grocery,0,0,28,3,60
376.17,5,Food,0,0,83,1,24
380.65,7,Food,0,0,37,1,58
519.14,12,Travel,0,0,73,2,43
169.12,15,Clothing,1,0,68,1,43
20.37,5,Food,0,0,87,1,43
312.49,11,Travel,0,0,77,1,42
470.1,13,Grocery,0,0,91,2,56
370.18,2,Clothing,0,0,56,2,68
29.34,14,Grocery,0,0,66,1,29
182.12,10,Food,1,0,88,2,33
55.47,17,Travel,0,0,45,1,66
66.19,15,Electronics,0,0,73,0,42
46.95,1,Travel,1,1,55,2,50
337.12,1,Clothing,0,0,54,4,18
197.67,15,Grocery,0,0,47,2,59
388.13,9,Travel,0,0,43,4,19
96.64,23,Clothing,1,0,40,2,36
375.61,21,Electronics,0,1,31,0,26
126.99,5,Electronics,0,0,57,3,24
221.35,15,Travel,1,1,69,2,59
22.7,8,Travel,0,0,59,1,44
35.68,16,Clothing,0,0,32,2,42
218.08,11,Food,0,0,86,3,25
181.46,17,Clothing,0,0,73,3,57
267.6,0,Grocery,0,0,67,2,46
53.29,0,Grocery,0,0,33,5,58
363.34,13,Electronics,0,0,85,1,53
171.07,14,Food,0,0,43,3,58
121.59,20,Travel,0,0,54,1,38
49.82,13,Grocery,0,0,26,1,62
556.0,6,Travel,0,0,90,4,61
79.42,13,Food,0,0,39,3,43
643.63,10,Travel,0,0,93,1,50
531.41,11,Clothing,0,0,79,1,40
339.06,12,Grocery,1,0,90,1,28
74.48,15,Clothing,0,0,41,1,65
671.45,6,Food,0,0,68,0,25
344.55,6,Clothing,1,0,93,2,41
94.98,11,Travel,0,0,29,1,63
221.29,16,Electronics,0,0,55,3,62
16.47,18,Clothing,0,0,52,4,65
146.91,17,Travel,0,0,91,1,38
100.89,2,Clothing,0,0,61,2,47
393.37,18,Grocery,0,0,69,5,64
161.8,6,Food,1,0,43,4,43
36.7,0,Travel,0,0,79,3,60
111.68,9,Food,0,0,79,4,40
186.53,0,Travel,0,0,91,1,46
248.35,19,Electronics,0,1,85,3,32
166.51,14,Clothing,0,0,87,3,40
58.5,3,Travel,0,0,95,4,19
159.0,4,Food,0,0,49,3,57
529.29,11,Electronics,0,0,82,0,57
12.81,8,Clothing,0,0,49,3,20
9.16,8,Clothing,0,0,69,6,25
24.15,2,Grocery,0,0,93,2,36
65.22,3,Travel,0,0,36,3,37
25.2,10,Food,0,0,65,0,40
204.63,21,Clothing,0,1,79,2,68
10.86,13,Grocery,0,1,54,3,34
158.68,23,Clothing,0,0,68,2,42
148.33,23,Electronics,0,0,72,2,41
122.83,19,Travel,0,0,77,2,61
63.27,22,Clothing,0,0,77,3,39
213.76,21,Travel,0,0,49,1,51
242.18,18,Grocery,0,0,94,2,52
28.72,1,Grocery,0,0,39,3,48
281.54,16,Grocery,1,0,41,2,40
20.05,17,Food,0,0,79,2,63
696.28,8,Food,0,0,32,1,50
326.76,17,Grocery,0,0,39,2,62
202.94,0,Clothing,0,0,68,4,33
180.56,22,Electronics,0,0,61,1,46
164.5,1,Food,0,0,76,1,65
172.42,6,Electronics,0,0,56,0,30
664.63,2,Food,0,0,51,1,36
39.6,12,Travel,0,0,37,0,29
72.75,14,Food,0,1,59,2,32
296.7,10,Electronics,0,0,97,1,48
139.03,2,Travel,0,0,91,5,27
191.36,12,Grocery,0,0,71,1,48
15.95,13,Travel,0,0,92,1,40
39.23,3,Travel,0,0,37,1,38
75.36,22,Clothing,1,0,96,0,36
54.86,17,Clothing,0,0,51,0,68
168.1,21,Clothing,0,0,51,2,50
521.26,21,Clothing,0,0,77,1,55
233.02,0,Grocery,0,1,98,2,54
125.64,8,Grocery,0,0,66,0,34
33.01,22,Electronics,1,0,38,1,44
636.69,18,Clothing,0,0,28,2,30
57.14,15,Food,0,0,48,4,40
19.56,2,Clothing,0,0,78,1,57
8.05,18,Clothing,0,0,25,1,65
17.34,18,Grocery,0,0,98,3,30
106.44,13,Food,0,0,32,0,64
370.68,13,Grocery,0,0,66,4,58
51.78,7,Food,0,0,80,1,36
111.79,18,Clothing,0,0,31,2,35
138.04,6,Grocery,0,0,70,1,35
77.62,15,Electronics,0,0,29,0,39
275.15,8,Travel,0,0,64,2,38
29.67,11,Travel,0,1,72,1,22
122.22,23,Clothing,0,0,75,3,66
9.16,9,Clothing,0,0,40,1,22
149.06,15,Travel,0,0,99,0,31
277.23,17,Clothing,0,1,43,2,66
234.68,4,Travel,0,0,34,1,45
6.7,17,Clothing,1,0,98,4,30
5.94,5,Electronics,1,0,96,1,56
19.53,19,Electronics,1,0,39,6,40
14.15,11,Electronics,0,0,74,1,57
450.71,3,Food,0,0,85,3,20
103.33,9,Travel,0,0,60,6,19
569.72,12,Grocery,0,0,41,1,52
51.7,15,Travel,1,1,72,1,39
244.92,16,Electronics,0,0,34,3,18
214.8,10,Travel,0,0,82,2,62
674.8,11,Electronics,0,0,82,3,25
9.1,19,Grocery,1,0,31,2,57
83.31,14,Food,0,0,48,3,58
150.79,22,Food,0,1,85,2,29
20.69,10,Electronics,0,0,84,2,41
320.28,22,Clothing,0,0,30,0,50
70.57,10,Travel,0,0,99,1,47
73.2,20,Food,1,0,88,0,52
12.68,16,Clothing,0,0,94,4,47
329.99,8,Clothing,0,0,37,3,36
16.38,20,Clothing,0,0,67,3,22
270.35,18,Electronics,0,0,64,2,36
3.28,8,Clothing,1,0,62,2,35
182.97,17,Electronics,0,0,58,3,18
74.39,4,Grocery,0,0,65,0,57
273.14,7,Food,0,0,57,5,21
42.84,18,Food,0,0,68,3,19
95.51,18,Electronics,0,0,83,2,43
101.13,20,Food,0,0,77,1,54
399.18,17,Food,0,0,59,0,39
92.86,0,Electronics,0,0,92,2,38
68.49,0,Clothing,0,0,33,1,50
376.62,18,Travel,0,0,31,2,54
435.11,0,Food,0,0,55,3,50
327.04,12,Travel,0,1,25,1,41
509.07,14,Clothing,0,1,93,2,27
207.78,15,Electronics,0,0,58,3,62
88.18,12,Travel,0,0,77,0,55
33.29,2,Electronics,0,0,57,1,47
147.73,9,Clothing,0,0,60,2,49
44.21,22,Electronics,0,0,59,2,60
419.12,8,Electronics,1,1,82,6,18
110.79,21,Grocery,0,0,63,0,38
89.8,4,Electronics,0,0,44,3,45
116.15,16,Food,0,0,86,1,59
50.78,0,Food,1,0,53,4,28
39.15,14,Electronics,0,0,39,1,59
20.04,8,Grocery,0,0,39,3,21
75.4,15,Clothing,0,0,29,1,57
75.6,15,Clothing,0,0,45,1,40
324.3,13,Food,0,0,57,0,26
175.79,22,Electronics,1,0,57,3,61
95.31,5,Clothing,0,0,52,2,36
10.73,1,Grocery,0,0,84,3,48
237.29,7,Grocery,0,0,57,3,57
19.44,3,Clothing,1,0,85,3,34
109.36,10,Grocery,0,0,68,4,28
234.97,22,Electronics,1,1,69,0,19
108.96,9,Food,0,0,51,3,23
45.97,5,Travel,0,1,50,1,49
272.42,13,Food,0,0,62,3,67
101.95,17,Food,0,0,83,2,63
501.82,19,Grocery,0,0,64,2,59
87.36,14,Clothing,1,0,86,0,25
13.2,4,Food,1,0,47,1,30
173.97,14,Clothing,0,0,78,4,68
31.43,7,Grocery,0,0,84,4,59
554.76,7,Electronics,0,0,62,0,63
13.59,13,Grocery,0,0,94,3,63
116.67,7,Travel,0,0,96,2,68
34.89,15,Grocery,0,0,59,2,57
147.12,18,Food,0,0,30,4,60
54.79,8,Food,0,0,99,2,51
99.72,9,Food,1,1,62,1,29
93.94,18,Travel,0,1,51,1,62
187.96,11,Food,0,0,45,1,67
94.77,10,Grocery,1,0,56,1,31
4.95,6,Electronics,0,0,41,1,58
125.72,16,Food,0,1,80,3,20
505.91,11,Clothing,0,0,29,1,52
213.95,5,Food,0,0,91,4,18
91.12,4,Clothing,0,0,56,7,41
162.46,4,Grocery,0,0,82,2,26
90.77,12,Travel,0,0,64,1,23
380.57,1,Food,0,0,81,3,49
471.12,8,Clothing,0,0,30,2,29
185.68,0,Electronics,0,0,88,2,29
60.43,23,Clothing,0,0,55,1,60
186.54,12,Food,0,1,52,0,28
331.49,20,Clothing,0,0,91,2,52
16.84,6,Travel,0,0,72,6,52
27.78,8,Clothing,0,0,94,4,35
129.39,3,Clothing,0,0,64,0,51
252.83,9,Travel,0,0,83,4,18
138.81,23,Electronics,1,0,69,2,49
73.54,12,Food,0,0,98,2,38
175.57,3,Grocery,0,0,38,3,35
628.71,4,Clothing,0,0,30,4,45
271.22,4,Clothing,1,0,35,1,63
7.44,15,Clothing,0,0,51,2,62
210.86,15,Travel,0,0,49,1,60
95.32,12,Food,0,0,98,1,52
162.12,3,Electronics,0,0,28,0,41
195.48,13,Food,0,0,60,3,39
9.55,6,Travel,0,0,92,0,46
283.15,14,Food,0,0,81,1,41
47.88,23,Grocery,0,0,31,2,41
100.91,1,Electronics,0,0,72,0,44
33.94,8,Grocery,0,0,45,1,45
8.64,18,Electronics,0,0,86,4,23
124.0,14,Food,0,0,32,6,51
240.0,6,Clothing,0,0,84,6,49
52.32,16,Clothing,0,0,63,1,20
227.81,7,Travel,0,0,97,6,50
156.19,18,Travel,0,0,65,1,69
239.09,18,Food,0,0,40,4,41
222.44,15,Grocery,0,0,48,2,44
163.46,20,Electronics,0,0,79,1,58
199.22,3,Travel,0,0,87,3,37
70.36,7,Clothing,0,0,81,3,31
337.27,18,Clothing,0,0,55,1,41
1321.02,0,Electronics,0,0,54,2,64
317.13,5,Travel,0,0,36,2,22
131.16,9,Food,0,0,36,2,31
396.52,7,Electronics,1,0,71,2,47
118.15,10,Travel,0,0,46,1,54
203.44,11,Grocery,0,1,66,3,18
305.98,23,Electronics,0,0,82,2,29
25.78,13,Grocery,0,0,82,2,41
120.28,7,Electronics,0,0,55,0,49
86.46,15,Travel,0,0,60,0,24
47.6,22,Electronics,0,0,80,0,46
341.64,19,Electronics,0,0,39,2,57
0.12,17,Food,1,0,87,1,21
780.15,15,Electronics,0,0,75,3,27
417.16,9,Grocery,0,0,39,1,37
83.5,17,Food,0,0,27,2,19
11.65,17,Grocery,0,0,65,2,30
180.63,2,Grocery,0,0,70,1,27
163.22,12,Food,0,0,52,2,39
3.49,15,Grocery,0,0,73,2,63
78.87,0,Travel,0,0,31,1,18
33.2,16,Electronics,0,0,29,2,53
139.45,10,Travel,0,0,83,3,48
9.96,22,Travel,0,0,94,1,63
47.53,18,Clothing,0,0,51,1,64
330.36,21,Grocery,0,0,40,1,29
95.13,16,Food,0,0,41,1,61
131.72,16,Electronics,0,0,67,3,41
143.68,23,Grocery,0,0,33,2,38
152.2,0,Travel,0,0,59,4,28
63.6,11,Grocery,0,0,90,2,38
220.95,12,Food,1,0,75,4,57
82.16,3,Food,0,0,47,1,35
111.7,23,Food,0,0,53,2,49
182.43,15,Electronics,0,1,50,2,51
31.64,23,Electronics,0,0,86,2,34
838.26,12,Clothing,0,0,94,2,38
212.86,21,Food,0,0,66,0,48
56.2,18,Electronics,0,0,89,2,30
352.29,18,Travel,0,0,61,0,28
41.81,5,Electronics,0,0,77,2,22
46.6,18,Grocery,0,0,90,0,20
186.27,7,Food,1,1,98,1,54
46.56,14,Clothing,0,0,36,4,67
31.07,20,Travel,0,0,79,1,48
126.38,7,Food,0,0,98,2,21
144.82,1,Clothing,0,0,27,1,55
430.33,10,Food,0,0,65,2,56
63.7,19,Electronics,0,0,48,0,38
233.34,20,Clothing,0,0,84,2,25
4.31,23,Food,0,0,79,3,48
68.48,9,Electronics,0,0,90,2,31
145.41,21,Food,0,0,76,1,65
324.25,14,Food,0,0,58,1,26
97.26,5,Food,0,0,89,1,46
6.69,3,Electronics,0,0,73,2,66
141.91,14,Electronics,0,0,49,0,51
483.2,10,Food,0,0,97,2,23
200.49,10,Grocery,0,0,54,2,37
198.37,12,Clothing,0,0,86,3,47
96.06,6,Food,0,0,88,1,44
261.71,14,Food,1,0,79,3,65
63.26,18,Electronics,0,0,50,1,51
76.32,7,Electronics,0,0,56,0,36
99.96,20,Travel,0,1,98,3,28
456.88,15,Electronics,0,0,82,0,48
185.32,7,Grocery,0,0,81,3,65
68.61,23,Electronics,0,0,69,1,49
88.81,9,Grocery,0,0,74,1,57
88.38,21,Grocery,0,0,51,5,62
113.52,7,Travel,0,0,61,2,45
381.05,17,Clothing,1,0,86,2,27
47.01,23,Grocery,1,0,70,4,48
260.95,8,Electronics,0,0,79,3,43
214.35,5,Electronics,0,1,97,2,38
60.85,21,Food,0,0,45,2,28
9.45,19,Electronics,0,0,46,2,19
34.06,23,Travel,0,1,31,5,41
328.63,20,Travel,0,0,47,3,51
612.15,6,Electronics,0,0,78,3,59
140.37,1,Grocery,0,0,27,2,39
89.85,12,Electronics,1,0,76,2,48
100.05,9,Grocery,0,0,68,4,50
314.83,23,Clothing,0,0,99,1,50
79.5,0,Clothing,0,0,70,1,69
52.47,12,Grocery,0,0,72,3,20
160.02,8,Grocery,0,0,84,3,69
55.02,12,Grocery,0,0,30,0,44
26.54,11,Electronics,0,0,66,0,53
45.78,14,Grocery,0,0,33,2,38
157.07,10,Electronics,0,0,65,1,52
112.66,11,Electronics,0,0,76,1,51
114.54,21,Grocery,0,0,96,1,34
161.79,19,Food,1,0,83,3,22
22.05,4,Grocery,0,0,56,5,42
11.63,23,Travel,1,0,41,1,65
689.93,22,Food,0,0,52,1,66
150.02,21,Travel,0,0,63,1,41
82.24,5,Food,0,0,55,1,38
133.39,4,Clothing,0,1,61,2,48
56.81,17,Food,0,0,94,1,36
440.03,10,Food,0,0,70,2,33
48.0,4,Electronics,1,0,85,0,34
404.92,8,Electronics,0,0,52,0,45
181.1,1,Food,0,0,31,3,59
131.65,15,Travel,0,0,40,4,32
22.28,5,Grocery,1,0,83,2,18
97.24,23,Clothing,0,1,47,2,36
56.17,5,Food,0,0,91,3,55
90.03,3,Food,0,0,33,4,18
64.88,13,Clothing,0,0,42,1,38
82.76,8,Clothing,1,0,90,1,63
91.5,20,Clothing,0,0,91,3,26
50.15,6,Travel,0,0,67,0,49
229.35,17,Grocery,0,0,39,0,25
126.13,19,Travel,1,0,53,1,29
208.95,11,Travel,0,0,79,2,55
128.96,10,Food,0,0,77,0,69
251.28,18,Clothing,0,0,79,0,51
88.63,0,Food,0,0,37,2,47
51.72,9,Food,0,0,32,2,38
43.34,20,Electronics,0,0,79,2,52
216.5,4,Grocery,0,0,82,1,48
264.36,6,Electronics,0,0,68,4,28
188.72,14,Grocery,0,0,64,2,33
95.94,2,Grocery,0,0,49,1,63
16.86,17,Clothing,0,0,67,1,47
10.32,0,Grocery,0,0,72,1,18
63.33,9,Clothing,0,1,64,1,24
405.39,12,Grocery,0,0,53,0,39
311.22,6,Clothing,0,0,57,2,27
136.72,14,Clothing,0,0,49,1,59
150.5,4,Travel,0,0,42,3,58
11.53,9,Electronics,0,0,95,0,69
16.55,15,Electronics,0,0,49,4,34
385.95,4,Food,0,0,33,1,21
42.82,5,Food,1,0,62,1,56
485.61,11,Grocery,0,0,55,2,25
182.87,1,Travel,0,0,29,0,58
35.17,7,Grocery,0,0,33,1,28
225.58,1,Grocery,1,0,62,1,24
89.3,2,Travel,0,0,84,1,24
137.66,3,Food,0,0,69,2,44
209.68,16,Grocery,0,0,91,2,62
319.96,19,Grocery,1,0,94,3,67
208.72,14,Travel,0,0,40,2,22
273.6,10,Travel,0,0,40,3,44
134.05,13,Food,0,0,58,3,48
15.58,4,Grocery,0,0,54,1,33
37.5,10,Food,0,0,87,2,45
75.46,13,Electronics,0,0,59,4,23
284.4,9,Food,0,0,75,1,26
23.09,0,Travel,0,0,98,2,24
24.84,7,Travel,0,0,68,3,44
165.63,9,Electronics,0,0,95,2,44
39.98,18,Clothing,0,0,45,1,51
160.97,19,Grocery,0,0,44,0,60
24.17,2,Clothing,0,0,31,1,27
67.13,19,Clothing,0,0,75,1,24
159.52,12,Clothing,0,0,48,0,23
5.55,10,Travel,0,0,37,3,36
95.29,6,Clothing,0,0,58,3,53
403.15,7,Travel,0,0,83,5,39
80.28,19,Food,0,0,33,1,32
27.08,15,Food,0,0,96,2,41
75.47,6,Electronics,0,0,75,4,56
85.19,16,Grocery,0,0,26,0,30
86.98,19,Travel,0,1,82,1,61
252.05,23,Grocery,0,0,60,2,27
91.02,21,Travel,0,0,74,3,41
20.27,19,Travel,0,0,78,3,18
307.77,1,Food,0,0,47,0,28
123.52,10,Grocery,0,0,30,1,67
268.21,17,Clothing,0,0,79,0,25
94.18,7,Grocery,0,0,69,0,52
118.77,1,Electronics,0,0,98,0,37
77.05,20,Food,0,0,27,1,34
130.6,0,Food,0,0,91,2,58
145.41,19,Food,1,0,84,2,47
49.68,15,Travel,0,0,59,2,18
78.91,7,Grocery,0,0,50,4,19
243.09,11,Travel,0,0,62,1,46
83.44,22,Food,0,0,44,1,18
110.39,19,Clothing,0,0,52,2,61
10.45,20,Electronics,0,0,25,5,28
809.18,9,Clothing,0,0,52,1,57
395.89,2,Clothing,0,0,35,0,36
50.83,15,Clothing,0,0,51,1,25
19.65,19,Electronics,0,0,70,0,25
526.65,23,Grocery,0,0,28,1,26
387.75,17,Electronics,0,0,66,3,37
110.67,2,Travel,1,0,43,5,21
131.71,16,Travel,0,0,63,2,62
118.95,20,Clothing,0,0,41,0,38
184.02,8,Grocery,0,0,95,6,35
41.25,8,Food,0,0,78,4,20
0.07,5,Travel,0,0,32,0,44
76.26,17,Electronics,0,0,92,4,53
256.12,7,Electronics,0,0,75,0,60
376.69,22,Food,0,0,53,1,38
169.24,22,Food,0,0,98,3,66
145.22,6,Grocery,0,0,77,6,60
46.9,21,Clothing,0,0,54,4,24
101.24,12,Travel,0,0,44,2,21
16.68,16,Grocery,0,0,34,1,35
136.67,14,Electronics,0,0,66,0,23
22.38,9,Food,0,0,30,2,47
16.68,10,Grocery,0,0,25,3,47
68.61,15,Clothing,0,0,36,2,68
4.02,10,Clothing,0,0,64,2,40
377.5,21,Travel,0,0,41,3,33
112.68,18,Food,0,0,48,4,25
744.08,4,Electronics,0,0,65,0,51
18.04,7,Travel,0,0,83,3,24
319.61,21,Travel,0,0,69,3,69
19.72,17,Travel,0,0,41,1,53
77.59,23,Clothing,0,0,31,4,39
309.7,3,Clothing,0,0,45,3,65
77.32,13,Travel,0,0,88,3,55
131.37,21,Travel,0,0,67,0,57
118.83,5,Grocery,0,0,51,2,64
351.05,23,Grocery,0,0,56,3,42
29.52,21,Travel,0,0,31,1,42
68.16,17,Electronics,1,0,38,4,47
173.13,13,Travel,0,0,86,4,62
60.27,20,Travel,1,0,74,2,33
101.71,3,Travel,0,0,85,3,20
18.66,13,Food,0,0,54,3,45
22.73,21,Food,0,0,52,4,44
237.56,14,Grocery,0,0,95,1,37
13.75,9,Travel,0,0,91,2,23
119.65,17,Food,1,0,62,3,63
414.3,20,Travel,0,0,52,3,33
56.37,20,Clothing,0,0,49,5,19
267.7,2,Clothing,0,0,39,2,54
132.6,18,Clothing,0,0,65,1,62
428.63,18,Grocery,0,0,58,2,57
105.89,11,Clothing,0,0,88,6,40
140.96,12,Electronics,0,0,27,3,61
509.42,2,Clothing,0,0,56,2,67
138.15,1,Grocery,0,1,59,1,50
30.57,20,Travel,1,0,66,3,37
432.62,14,Grocery,0,0,38,2,67
4.52,12,Electronics,0,0,86,2,46
23.09,22,Travel,0,0,61,1,47
108.98,18,Travel,0,0,79,2,57
410.84,7,Travel,0,0,77,3,57
56.83,1,Travel,0,0,28,3,29
19.48,10,Clothing,0,0,31,1,46
10.79,12,Food,0,0,93,4,24
311.22,17,Clothing,0,1,37,1,20
159.8,13,Food,0,0,30,3,69
369.91,16,Grocery,0,0,44,3,52
42.65,5,Travel,0,0,87,0,40
17.75,8,Grocery,0,0,55,3,30
217.49,20,Electronics,0,0,92,2,20
180.78,16,Travel,0,0,69,1,34
0.14,2,Travel,0,0,83,1,47
226.83,9,Clothing,0,1,86,1,58
19.19,9,Grocery,0,0,70,0,60
143.17,22,Grocery,0,0,62,1,20
106.74,8,Electronics,0,0,35,5,56
148.28,21,Clothing,0,0,64,1,64
125.75,22,Grocery,0,0,88,5,29
47.74,7,Clothing,0,0,50,1,69
20.16,7,Travel,0,0,83,0,53
25.27,9,Electronics,0,0,36,4,25
126.64,5,Travel,0,0,37,4,34
27.88,20,Clothing,0,0,55,3,24
120.72,0,Travel,0,0,83,4,45
39.04,12,Electronics,0,0,62,4,69
241.78,8,Food,0,0,66,1,55
141.91,3,Travel,0,0,30,1,27
32.1,9,Clothing,0,0,52,3,54
539.99,2,Grocery,0,0,64,4,26
213.23,8,Electronics,0,0,84,4,20
153.08,18,Electronics,0,0,76,1,34
170.85,1,Grocery,0,0,71,3,25
100.83,11,Grocery,0,0,70,1,34
16.4,10,Electronics,0,0,61,3,28
397.47,2,Food,0,0,75,2,56
9.68,0,Electronics,0,0,65,1,46
243.38,2,Food,0,0,31,0,18
234.93,14,Food,1,0,58,2,59
387.26,7,Travel,0,0,48,0,66
506.95,22,Electronics,0,0,59,2,22
21.63,11,Travel,0,0,40,2,69
206.86,3,Electronics,0,0,81,0,26
351.17,21,Travel,0,0,37,5,23
186.89,6,Electronics,0,0,90,0,59
212.19,16,Clothing,0,0,99,2,50
315.5,2,Grocery,0,1,48,2,53
93.95,18,Electronics,0,0,55,2,32
10.09,11,Clothing,0,0,58,3,51
255.67,19,Food,0,1,25,5,44
229.38,12,Electronics,1,0,81,4,67
94.5,0,Travel,0,0,54,4,38
31.27,18,Grocery,0,0,35,2,39
229.41,3,Electronics,0,0,68,0,41
860.84,15,Grocery,1,0,82,3,52
1009.57,14,Clothing,0,0,33,1,48
225.76,4,Clothing,0,0,35,3,66
204.28,1,Clothing,0,0,55,2,50
150.32,19,Grocery,0,0,30,1,69
730.15,19,Clothing,0,0,60,2,55
1.28,17,Grocery,0,0,79,3,45
22.13,22,Clothing,0,0,47,0,20
102.4,19,Food,0,0,35,4,59
22.96,21,Food,0,0,62,2,32
393.67,21,Electronics,0,0,58,1,51
285.49,17,Travel,0,0,61,3,53
136.87,6,Food,0,0,52,1,60
0.99,4,Clothing,0,0,60,2,54
450.35,11,Travel,0,1,65,0,56
198.23,21,Travel,1,0,40,1,28
83.11,12,Grocery,0,0,79,1,60
222.97,23,Clothing,1,0,50,0,62
3.81,3,Food,0,0,40,1,35
84.09,15,Grocery,0,0,54,0,38
681.21,7,Electronics,1,0,81,1,57
6.93,23,Electronics,0,0,98,0,26
56.92,3,Food,0,0,32,0,37
214.18,17,Food,0,0,98,0,43
1036.82,0,Electronics,0,0,28,0,20
11.79,5,Electronics,0,0,91,0,24
47.9,7,Food,0,0,49,3,38
476.78,4,Grocery,0,0,74,1,22
192.71,3,Food,0,0,68,4,20
369.73,15,Grocery,0,0,81,0,24
65.68,5,Clothing,0,0,29,1,47
222.95,0,Clothing,1,0,41,3,61
76.92,1,Food,0,0,28,1,53
99.78,11,Travel,0,1,54,4,63
34.26,7,Grocery,0,0,60,3,47
139.64,1,Electronics,0,0,92,2,21
141.14,9,Clothing,0,0,87,3,33
91.6,14,Food,0,0,29,4,35
110.36,4,Travel,0,0,60,4,37
5.35,6,Travel,0,0,43,1,69
182.25,18,Grocery,0,0,63,2,22
144.8,23,Food,0,0,47,2,29
88.17,8,Travel,0,0,34,3,36
58.0,10,Clothing,0,0,35,0,33
76.79,16,Grocery,0,0,95,3,23
71.27,14,Travel,0,0,27,1,34
93.51,3,Grocery,0,1,40,2,57
100.38,11,Clothing,0,1,26,3,50
76.38,18,Food,0,0,34,2,57
15.81,20,Travel,0,0,95,2,64
133.08,6,Grocery,0,0,91,3,54
140.57,5,Grocery,0,0,41,2,18
994.44,15,Food,0,0,68,0,36
23.63,21,Electronics,0,0,56,2,56
126.67,1,Electronics,0,0,43,2,52
291.18,16,Food,0,0,76,4,34
134.02,7,Travel,0,0,97,1,42
22.99,1,Food,0,0,44,2,34
21.55,1,Travel,0,0,37,3,40
530.87,6,Food,1,0,42,3,58
53.79,15,Electronics,0,0,45,2,28
729.77,9,Clothing,0,0,47,2,68
55.66,20,Grocery,0,0,97,1,28
17.86,12,Grocery,0,0,77,0,20
470.09,15,Clothing,0,0,46,2,26
220.83,11,Electronics,0,1,69,0,29
265.98,8,Food,0,0,40,3,52
262.09,9,Electronics,0,0,87,1,27
202.56,15,Electronics,0,0,32,2,19
102.95,16,Clothing,0,0,66,3,18
1.66,6,Clothing,0,0,46,1,61
560.3,14,Food,1,0,39,1,23
86.31,13,Electronics,0,0,76,6,49
24.3,12,Travel,0,0,67,1,54
38.76,21,Travel,0,0,27,0,33
7.15,16,Electronics,0,0,40,2,55
65.43,10,Food,0,0,48,0,18
161.58,1,Electronics,0,0,62,1,48
329.86,23,Travel,0,1,45,3,20
293.49,16,Electronics,0,0,71,3,33
443.39,0,Grocery,0,1,93,3,37
261.49,2,Grocery,0,0,68,2,64
138.55,20,Grocery,1,0,60,3,67
484.24,14,Clothing,0,0,71,4,47
279.24,2,Food,0,0,81,1,44
70.62,3,Grocery,0,0,49,1,19
57.96,9,Clothing,0,0,27,5,45
681.43,23,Grocery,0,0,78,1,58
186.95,10,Food,0,1,92,3,37
7.24,9,Clothing,0,0,69,2,48
107.31,1,Clothing,0,1,66,1,52
191.21,11,Electronics,0,0,51,0,32
61.46,1,Food,0,0,29,3,53
28.33,18,Grocery,0,0,47,3,46
30.28,0,Clothing,0,0,34,5,38
114.52,15,Grocery,0,0,52,1,32
20.29,17,Clothing,0,0,95,0,44
181.21,20,Travel,0,0,96,5,37
331.4,22,Clothing,0,0,55,6,35
15.12,13,Electronics,0,0,92,0,64
369.27,3,Electronics,1,0,75,1,39
638.65,2,Food,0,0,60,4,51
121.67,18,Travel,0,0,25,2,65
12.6,12,Electronics,0,0,42,1,38
119.12,19,Food,0,0,87,4,35
212.23,0,Food,0,0,59,2,23
85.8,15,Electronics,0,0,85,1,54
74.04,8,Clothing,0,1,50,3,63
71.34,7,Travel,1,0,45,2,57
54.81,18,Clothing,0,0,89,0,19
469.6,12,Travel,0,0,63,2,55
138.82,15,Clothing,0,0,29,2,41
33.34,3,Food,1,1,33,4,64
263.43,17,Electronics,0,0,48,2,66
119.86,20,Food,0,0,54,7,52
19.17,5,Electronics,0,0,68,2,62
193.18,9,Electronics,0,0,89,1,45
47.94,11,Travel,0,0,95,3,52
68.54,6,Clothing,0,0,74,2,50
192.84,16,Food,0,0,80,2,46
107.1,0,Grocery,0,0,38,1,22
424.27,4,Grocery,0,0,55,3,65
211.04,9,Clothing,0,0,44,4,66
426.86,13,Clothing,0,0,95,5,27
21.1,15,Food,0,1,81,2,57
266.53,5,Electronics,0,0,81,1,19
58.39,15,Clothing,0,0,89,1,27
127.63,20,Food,0,0,46,0,69
431.94,7,Clothing,0,0,58,0,63
22.86,5,Food,0,0,64,4,68
250.46,21,Travel,1,0,86,1,69
255.92,19,Grocery,1,0,28,4,59
137.28,18,Grocery,0,1,30,1,19
148.05,13,Food,1,0,70,2,28
36.11,1,Food,0,0,73,5,47
5.3,7,Grocery,0,0,55,1,56
44.24,16,Clothing,0,0,93,3,63
20.21,4,Clothing,0,0,50,1,33
436.13,22,Food,0,0,41,0,31
36.12,15,Electronics,0,0,37,2,69
23.22,17,Food,0,0,47,3,29
56.37,22,Food,0,0,49,2,68
385.53,23,Grocery,1,0,74,2,53
324.86,3,Electronics,0,0,35,2,39
82.72,9,Travel,1,0,71,3,19
159.65,4,Grocery,0,0,54,1,49
60.54,14,Grocery,0,0,56,3,33
77.79,4,Clothing,0,0,61,6,37
222.92,16,Travel,0,0,60,1,24
33.73,5,Travel,1,0,33,2,32
210.84,3,Clothing,0,0,98,6,45
293.58,21,Travel,0,0,29,1,66
206.34,17,Clothing,0,0,77,5,29
120.93,20,Electronics,0,0,61,2,23
212.14,13,Clothing,0,0,88,1,61
614.22,8,Clothing,0,0,37,3,46
237.8,19,Clothing,0,0,95,3,42
151.59,13,Food,0,1,46,3,48
79.38,20,Grocery,0,0,77,0,32
38.01,3,Travel,0,0,87,2,61
8.56,20,Grocery,0,0,85,1,20
539.46,3,Clothing,0,0,34,3,18
169.74,4,Travel,0,0,25,1,64
164.12,22,Clothing,0,0,79,3,62
92.81,17,Travel,1,0,72,1,46
5.08,16,Clothing,0,0,38,2,59
285.95,15,Travel,0,0,32,0,31
91.02,13,Travel,0,0,38,3,21
138.03,7,Electronics,0,0,69,0,31
235.61,6,Grocery,1,0,65,1,47
73.79,9,Clothing,0,0,36,5,31
397.66,9,Electronics,0,1,76,2,42
13.26,9,Electronics,0,0,79,2,40
197.88,10,Electronics,0,0,87,1,62
248.56,20,Grocery,0,0,50,0,24
48.8,11,Grocery,0,0,63,1,44
70.62,12,Electronics,1,0,93,2,45
105.99,9,Travel,0,0,50,2,19
32.33,20,Food,0,0,29,6,63
23.05,10,Electronics,0,1,72,1,54
124.98,17,Grocery,1,0,88,1,33
881.06,11,Clothing,0,0,56,2,29
56.29,17,Travel,0,1,65,2,64
530.67,5,Electronics,0,0,55,2,33
190.14,14,Grocery,1,0,72,1,34
282.08,19,Electronics,0,0,97,1,48
303.41,1,Travel,0,1,88,1,64
186.29,1,Grocery,0,0,69,1,52
171.02,23,Clothing,0,0,62,1,42
117.19,17,Travel,0,0,60,4,39
158.39,8,Food,0,0,67,1,55
163.56,12,Clothing,0,0,53,1,27
74.47,10,Travel,0,0,33,2,64
5.49,7,Electronics,0,0,57,4,65
671.88,9,Food,0,0,95,2,44
159.11,5,Electronics,0,1,33,1,49
102.08,18,Grocery,0,0,72,1,22
33.51,22,Food,0,0,54,2,46
261.53,4,Electronics,1,0,42,3,39
0.17,16,Food,0,0,84,1,58
440.01,9,Clothing,0,0,88,4,47
127.78,21,Clothing,0,0,49,1,40
514.78,7,Travel,0,0,91,2,42
13.49,5,Grocery,1,0,38,6,30
9.19,2,Travel,0,0,75,2,51
338.56,1,Electronics,0,0,31,1,44
456.19,11,Travel,1,0,81,1,56
615.19,22,Grocery,0,0,44,1,69
395.68,12,Clothing,0,0,34,0,46
377.92,4,Clothing,0,0,76,3,24
16.11,9,Electronics,0,0,93,3,32
108.07,20,Electronics,0,0,53,1,34
152.19,16,Food,0,0,92,0,51
31.85,23,Travel,0,0,45,1,35
67.79,14,Electronics,1,0,41,1,19
92.49,17,Clothing,0,0,49,1,38
7.66,14,Grocery,0,0,44,1,51
422.49,14,Clothing,0,0,39,0,50
125.72,14,Travel,0,0,46,4,26
92.79,7,Food,1,0,92,2,61
84.49,22,Electronics,0,0,57,0,64
5.15,13,Electronics,0,0,34,3,42
229.34,4,Food,0,0,48,3,49
8.68,16,Food,0,0,35,2,55
97.47,23,Electronics,0,0,41,3,42
167.02,4,Food,0,0,42,3,44
25.94,11,Food,0,0,38,1,32
25.2,21,Electronics,0,0,68,3,56
239.4,9,Clothing,0,0,65,1,22
59.51,9,Grocery,0,0,92,2,20
446.75,20,Electronics,0,1,53,2,47
101.23,1,Electronics,0,0,69,1,65
41.72,2,Clothing,0,0,99,2,23
154.23,14,Travel,0,0,88,2,65
68.89,9,Food,0,0,45,0,36
161.28,5,Travel,0,0,59,0,66
28.41,20,Electronics,0,0,84,2,32
122.19,3,Electronics,1,0,77,1,54
151.65,23,Travel,0,0,47,3,67
105.44,20,Clothing,0,0,44,4,62
121.95,1,Food,0,0,41,2,49
2.32,7,Clothing,0,0,30,3,43
106.27,13,Clothing,0,0,80,0,60
153.8,18,Clothing,0,0,64,1,50
455.84,14,Food,0,0,54,1,51
18.86,9,Clothing,0,0,45,2,36
46.74,12,Food,0,0,62,1,19
391.15,21,Clothing,0,0,30,1,47
379.6,0,Clothing,1,0,90,1,33
89.96,2,Travel,0,0,43,2,55
149.86,14,Travel,0,0,97,6,42
16.78,0,Food,0,0,32,0,42
163.3,10,Food,0,0,80,6,68
128.62,5,Grocery,0,0,74,4,50
343.28,23,Grocery,0,0,50,1,64
6.53,5,Travel,0,0,27,0,24
84.74,4,Clothing,0,0,90,2,63
270.69,6,Electronics,0,1,71,1,60
59.3,6,Grocery,0,0,58,3,37
207.48,12,Food,0,0,79,3,37
53.7,11,Grocery,0,0,55,7,62
31.86,6,Electronics,0,0,70,1,39
42.9,3,Clothing,0,0,70,2,57
79.48,4,Electronics,0,0,40,2,44
90.18,2,Grocery,0,0,36,1,23
185.06,22,Food,1,0,99,0,35
292.91,11,Grocery,1,0,78,4,45
287.73,13,Travel,0,0,50,1,54
377.75,8,Clothing,0,0,61,2,58
90.75,20,Travel,0,0,39,2,45
141.75,18,Food,0,0,31,4,47
220.5,14,Electronics,0,0,46,1,60
126.91,21,Food,0,1,47,3,40
5.94,12,Food,0,0,69,3,19
82.11,14,Food,0,0,49,2,27
19.32,4,Travel,0,0,86,4,63
76.53,22,Clothing,0,0,49,3,32
47.88,17,Travel,0,0,89,3,20
112.05,1,Travel,0,0,78,1,19
739.53,0,Travel,0,0,71,1,38
41.13,15,Travel,1,0,55,2,68
164.17,3,Travel,0,0,91,1,22
6.66,10,Food,0,0,33,1,60
116.62,16,Grocery,0,0,86,1,33
529.71,14,Food,1,0,83,0,54
33.07,5,Food,0,0,26,2,35
326.57,19,Clothing,0,0,82,2,19
97.93,6,Travel,0,0,86,1,55
437.1,13,Clothing,0,0,57,0,27
248.81,16,Clothing,0,0,44,1,21
72.16,5,Travel,0,0,25,0,59
195.8,9,Clothing,0,0,56,2,55
134.88,0,Food,1,0,73,2,68
704.63,19,Electronics,0,0,90,2,60
197.61,17,Electronics,0,0,81,4,42
303.91,21,Electronics,0,0,45,0,38
431.51,8,Electronics,0,0,88,2,64
8.48,16,Grocery,0,0,46,4,66
27.17,18,Food,0,0,69,0,40
23.4,9,Travel,0,0,58,2,34
217.08,20,Electronics,0,0,90,2,52
79.08,12,Grocery,0,0,49,4,62
107.53,1,Food,0,1,46,2,55
182.9,6,Food,0,0,72,2,31
89.97,13,Electronics,0,0,39,2,62
72.82,6,Food,0,0,56,4,30
416.6,0,Travel,0,0,37,1,19
16.07,23,Grocery,0,0,34,0,69
327.45,13,Electronics,0,0,98,1,51
91.37,18,Electronics,0,0,27,3,47
317.77,13,Clothing,0,0,81,2,18
247.7,7,Grocery,0,0,76,1,25
459.7,14,Food,0,0,45,2,43
92.71,23,Travel,0,0,74,0,25
252.02,11,Travel,0,0,88,3,57
650.66,23,Food,1,0,47,2,62
33.49,6,Grocery,0,0,85,2,20
18.95,18,Travel,0,0,98,5,30
45.95,11,Clothing,0,0,30,5,37
156.14,12,Food,0,0,81,4,55
179.81,5,Food,0,0,25,0,36
209.24,0,Clothing,1,0,49,2,38
170.93,15,Grocery,0,0,36,5,21
138.67,15,Electronics,1,0,89,1,53
43.55,5,Clothing,0,0,51,3,25
80.83,6,Electronics,0,0,99,6,21
13.62,6,Food,0,0,37,2,62
694.15,6,Electronics,1,0,61,2,21
311.28,3,Clothing,0,0,40,0,42
166.51,12,Electronics,0,0,65,5,60
41.18,8,Travel,0,0,38,3,61
777.09,7,Clothing,0,0,87,5,40
383.89,6,Clothing,0,0,73,1,62
328.91,22,Grocery,0,0,58,1,24
2.28,8,Clothing,0,0,55,7,33
162.79,17,Travel,0,0,61,0,46
7.22,19,Clothing,1,0,95,3,61
175.74,9,Food,0,0,33,1,34
59.8,7,Food,0,0,95,1,53
36.08,12,Food,0,0,25,3,43
80.35,22,Electronics,0,0,66,2,61
198.82,1,Food,0,0,33,2,39
160.37,5,Clothing,0,0,81,0,21
203.49,21,Grocery,0,0,28,4,22
155.46,3,Food,0,0,51,3,61
20.71,17,Grocery,0,0,92,2,35
115.8,12,Food,0,0,70,1,32
302.96,16,Clothing,0,0,36,0,22
362.94,16,Travel,0,0,37,3,43
6.72,9,Food,0,0,45,4,30
242.11,17,Electronics,0,1,88,6,66
203.64,11,Clothing,1,0,63,1,44
3.27,16,Grocery,0,0,50,1,37
21.39,6,Food,0,1,87,3,19
6.52,14,Clothing,0,0,73,2,42
49.46,18,Food,0,0,34,0,23
6.08,6,Electronics,0,0,79,3,26
53.34,0,Clothing,0,0,59,3,65
12.88,9,Food,0,0,95,3,40
589.51,17,Electronics,0,0,43,2,38
206.8,11,Food,0,0,36,3,24
75.69,16,Food,0,0,59,2,42
171.82,21,Clothing,0,0,26,1,33
7.64,2,Electronics,0,0,62,6,46
314.29,23,Grocery,0,0,33,2,28
107.98,2,Clothing,0,1,99,0,52
580.01,23,Clothing,0,0,82,1,64
96.1,21,Food,0,0,89,4,48
183.16,2,Grocery,0,0,36,2,24
75.24,21,Grocery,0,0,49,1,49
253.49,5,Electronics,1,0,69,1,44
5.26,7,Clothing,0,0,30,0,56
240.5,12,Travel,0,0,88,4,49
320.76,13,Travel,1,0,27,2,33
88.74,20,Clothing,0,1,89,0,29
260.78,10,Clothing,0,0,98,2,38
33.9,9,Food,0,0,48,1,52
486.86,12,Clothing,0,0,27,5,63
13.69,18,Electronics,0,0,93,2,32
123.46,17,Clothing,0,1,68,0,50
72.89,22,Electronics,0,0,29,1,61
5.48,9,Food,0,0,79,2,48
106.72,17,Grocery,0,0,26,2,53
100.45,1,Travel,0,0,90,1,68
28.14,4,Travel,0,0,93,2,31
118.94,3,Food,0,0,27,5,20
302.73,23,Clothing,0,0,69,0,63
171.21,21,Travel,0,1,43,2,23
454.31,17,Grocery,0,0,55,3,40
526.26,8,Clothing,0,0,99,4,50
97.72,8,Food,0,0,81,1,54
100.86,20,Food,0,0,44,1,19
44.75,12,Electronics,0,1,41,1,43
126.99,11,Grocery,0,0,78,5,41
380.74,10,Electronics,0,0,62,0,27
163.17,15,Grocery,0,0,82,4,41
221.41,9,Clothing,0,0,40,1,67
2.8,8,Clothing,0,0,75,1,37
133.28,11,Electronics,0,0,77,3,38
72.96,19,Grocery,0,1,45,1,51
26.2,23,Food,1,0,80,2,54
193.84,11,Clothing,0,0,35,2,21
24.27,3,Electronics,0,0,46,2,36
240.03,20,Grocery,0,0,65,7,35
65.96,21,Clothing,0,0,65,2,20
17.95,21,Travel,1,0,29,1,68
24.81,10,Travel,1,0,66,0,66
10.86,3,Food,0,0,83,0,50
73.49,14,Clothing,0,0,54,2,30
485.22,18,Electronics,0,0,76,1,37
72.99,17,Clothing,0,0,53,1,35
215.56,17,Electronics,0,0,99,3,29
169.29,9,Travel,0,0,64,3,57
206.83,7,Electronics,0,0,68,1,34
6.28,9,Electronics,0,0,96,4,45
49.11,5,Clothing,0,0,64,0,43
94.79,21,Electronics,0,1,34,0,31
50.89,17,Grocery,0,0,32,1,33
321.56,11,Clothing,0,0,73,4,68
184.81,19,Food,0,0,74,4,63
562.32,23,Electronics,1,0,84,2,29
369.81,7,Food,0,0,88,2,50
142.02,13,Grocery,0,1,43,0,28
10.0,3,Food,0,0,46,2,68
36.61,20,Food,0,0,51,3,60
456.54,20,Electronics,0,0,97,4,65
94.11,19,Grocery,0,0,93,2,30
198.23,20,Food,0,1,77,5,31
98.16,19,Food,0,0,42,2,52
88.58,13,Food,0,0,56,0,54
111.2,9,Clothing,0,0,48,3,69
206.53,9,Food,0,0,78,1,60
1339.51,3,Grocery,0,0,89,0,26
151.28,8,Food,0,0,27,0,50
416.56,15,Grocery,0,0,79,3,29
95.26,21,Travel,0,0,45,3,41
9.77,7,Grocery,0,0,61,1,21
84.94,15,Food,1,0,69,0,18
238.67,20,Clothing,0,1,91,1,24
73.4,17,Clothing,0,0,41,3,32
122.44,3,Food,0,0,74,1,29
113.55,10,Food,0,0,72,1,24
314.65,20,Grocery,0,0,97,5,67
23.04,18,Food,1,0,74,3,31
340.4,22,Food,0,0,38,1,67
64.18,10,Clothing,0,0,49,2,67
241.04,17,Clothing,0,0,81,2,37
23.12,8,Clothing,0,0,93,0,50
168.81,19,Food,0,0,83,2,41
65.81,15,Grocery,0,0,99,5,59
25.38,19,Clothing,0,0,68,0,40
115.79,10,Clothing,0,0,37,5,18
33.64,12,Electronics,0,0,70,3,53
301.14,20,Clothing,0,0,99,0,40
26.99,13,Grocery,0,0,61,1,19
87.67,9,Clothing,0,0,36,1,65
160.87,19,Clothing,0,0,75,3,59
351.76,8,Grocery,0,0,62,0,24
75.52,11,Clothing,0,0,45,4,19
54.03,18,Food,0,0,68,4,57
20.38,5,Travel,0,0,85,2,62
27.79,4,Clothing,1,0,25,0,61
46.18,2,Food,0,0,79,1,42
32.4,14,Grocery,0,0,33,0,22
65.1,13,Clothing,0,0,70,4,61
112.33,4,Clothing,0,0,86,3,45
115.7,6,Food,0,0,82,3,54
233.47,22,Food,0,0,88,2,55
50.14,2,Electronics,0,0,63,2,29
529.79,22,Food,0,0,50,0,39
68.21,20,Travel,0,0,82,3,57
105.46,21,Electronics,0,1,53,0,67
186.33,15,Food,0,0,95,1,18
715.85,1,Clothing,0,0,67,2,61
319.61,20,Travel,0,0,76,5,36
360.08,16,Food,0,0,53,2,50
108.1,22,Food,0,0,60,1,31
336.17,8,Travel,0,0,90,1,36
182.6,3,Travel,0,1,71,1,59
3.31,5,Electronics,0,0,61,4,69
237.32,3,Travel,0,0,25,2,59
80.45,2,Food,0,0,81,3,18
307.54,20,Electronics,0,0,29,2,63
1.51,21,Travel,0,0,78,0,48
191.68,4,Food,0,0,68,3,31
453.27,23,Travel,0,1,47,4,48
37.29,10,Clothing,0,1,76,0,25
171.27,5,Clothing,0,0,70,0,58
578.78,2,Travel,1,0,99,0,36
9.46,9,Travel,0,0,99,0,42
292.44,17,Grocery,0,1,83,2,52
541.16,20,Electronics,0,0,45,2,66
5.66,20,Clothing,0,0,78,4,69
429.01,8,Electronics,0,0,37,4,66
204.63,0,Clothing,0,1,51,2,51
35.58,11,Electronics,0,0,55,3,33
212.07,5,Electronics,0,0,53,3,59
373.87,23,Clothing,0,0,80,4,44
42.82,12,Grocery,0,0,53,1,18
14.41,6,Electronics,0,0,67,0,32
226.35,17,Electronics,0,0,51,1,40
10.57,16,Electronics,0,0,42,0,32
139.77,5,Food,0,0,25,4,41
75.64,15,Grocery,0,0,44,1,69
566.35,0,Electronics,0,0,37,0,48
1.26,6,Clothing,0,0,74,1,22
52.28,2,Clothing,0,0,48,2,57
117.75,11,Electronics,0,0,97,3,55
404.15,23,Travel,0,1,76,2,22
48.57,12,Travel,0,0,99,0,45
35.04,0,Clothing,0,0,77,3,62
222.65,13,Grocery,0,0,95,2,58
80.73,15,Grocery,0,0,30,1,67
36.23,18,Clothing,0,0,82,1,66
191.51,10,Grocery,0,0,74,1,63
28.0,19,Grocery,1,0,46,1,31
220.02,18,Travel,0,0,36,1,22
40.68,2,Electronics,0,0,62,0,45
94.65,2,Travel,0,0,37,0,55
44.83,20,Electronics,0,0,94,3,49
572.03,9,Electronics,0,0,80,2,50
19.86,0,Grocery,0,1,78,7,29
33.48,3,Electronics,0,0,62,0,51
76.97,1,Travel,0,0,41,3,22
31.79,7,Electronics,0,0,63,1,44
197.85,6,Grocery,0,0,57,1,57
131.68,7,Electronics,1,0,64,3,32
189.07,20,Clothing,0,1,84,0,37
159.34,18,Electronics,0,0,74,0,51
47.04,2,Grocery,0,0,42,3,63
619.97,17,Grocery,0,1,83,2,64
48.79,19,Clothing,0,0,45,2,37
250.53,16,Clothing,0,0,43,1,61
35.94,18,Clothing,0,0,37,1,43
61.98,13,Clothing,0,0,34,2,58
7.41,2,Grocery,0,0,76,3,23
31.07,5,Food,0,0,81,1,29
192.58,19,Clothing,0,0,72,4,44
143.09,22,Food,0,0,26,3,45
39.81,11,Grocery,0,0,43,1,52
632.73,21,Travel,0,0,74,1,62
9.68,10,Food,0,0,84,5,57
127.6,9,Travel,0,0,89,2,68
177.76,20,Electronics,0,0,50,3,34
142.4,4,Grocery,1,0,95,4,38
131.55,12,Food,0,1,79,3,49
536.63,4,Food,0,0,34,1,62
276.74,2,Food,0,1,53,2,68
66.21,12,Electronics,1,0,74,4,64
146.87,20,Food,0,0,88,1,43
203.12,2,Electronics,0,0,33,0,50
285.09,15,Electronics,0,1,64,2,37
359.6,23,Clothing,0,0,85,0,67
259.61,7,Clothing,0,0,26,4,39
309.65,15,Travel,0,0,49,4,18
437.9,16,Grocery,0,0,54,2,20
184.14,15,Clothing,0,0,36,2,18
219.04,11,Grocery,0,0,35,3,57
107.73,18,Food,0,0,39,3,61
19.2,21,Travel,0,0,52,4,50
296.21,22,Clothing,0,0,64,1,61
287.86,5,Electronics,0,1,83,0,36
317.07,17,Food,0,0,71,4,66
76.94,9,Travel,0,1,91,0,51
407.99,9,Electronics,0,0,52,5,63
485.36,4,Food,0,0,78,1,49
316.44,13,Clothing,0,0,58,3,19
203.08,0,Grocery,0,0,36,4,36
23.28,12,Clothing,0,0,96,1,40
134.6,20,Travel,0,0,74,3,33
41.45,20,Electronics,0,0,78,0,28
142.42,18,Travel,0,1,51,2,41
179.72,16,Clothing,0,0,68,4,62
24.14,5,Food,0,0,81,0,62
73.47,6,Food,0,0,60,3,20
185.3,22,Travel,0,0,42,2,54
50.7,5,Grocery,0,0,67,0,23
482.66,7,Travel,0,0,46,3,38
218.92,7,Travel,0,0,78,2,29
66.7,13,Electronics,0,0,41,3,34
69.5,22,Clothing,0,0,83,4,62
212.8,8,Clothing,0,0,61,2,26
13.23,9,Travel,0,0,47,1,68
159.48,12,Travel,0,0,99,2,27
136.79,6,Travel,1,0,31,1,37
95.26,6,Travel,0,0,53,1,68
161.24,9,Grocery,0,0,77,3,62
125.25,21,Food,0,0,93,1,40
261.84,5,Travel,0,0,51,3,55
427.61,19,Clothing,0,0,79,1,61
23.9,2,Travel,0,0,68,1,37
11.84,19,Food,0,0,93,2,36
127.39,5,Clothing,0,0,30,1,65
73.28,7,Grocery,1,0,47,6,23
52.47,20,Electronics,0,0,32,3,31
129.12,7,Travel,0,1,85,1,65
25.13,20,Travel,0,0,40,0,65
155.54,21,Clothing,1,0,98,1,18
442.77,18,Grocery,0,0,32,5,18
97.82,21,Food,0,0,74,2,34
37.1,3,Grocery,0,0,34,3,28
86.61,3,Food,0,0,91,0,54
41.02,16,Food,0,0,42,2,52
84.19,1,Travel,1,0,33,2,21
146.84,22,Clothing,0,0,94,2,40
276.73,2,Clothing,0,0,98,7,36
695.66,3,Grocery,0,0,77,1,22
80.39,8,Clothing,1,0,36,1,61
100.39,12,Grocery,0,0,31,1,48
150.14,12,Travel,0,0,62,1,38
64.45,0,Clothing,0,0,59,2,27
98.4,8,Grocery,0,0,50,1,23
345.13,11,Electronics,0,0,89,3,48
83.89,19,Electronics,0,0,81,1,67
368.92,23,Food,0,0,81,6,59
107.33,23,Clothing,0,0,51,0,43
205.73,22,Food,0,0,72,1,28
7.65,11,Travel,0,0,68,0,20
339.15,8,Food,0,0,77,1,42
145.97,12,Grocery,0,0,62,5,49
13.52,22,Grocery,0,0,73,3,40
93.02,16,Clothing,1,0,72,2,37
125.08,18,Clothing,0,0,31,0,19
107.59,0,Grocery,0,0,42,4,34
33.74,21,Grocery,0,0,63,1,21
355.73,3,Grocery,0,0,36,2,59
505.12,11,Electronics,0,0,61,2,51
41.47,6,Travel,0,1,84,1,39
78.47,20,Electronics,0,0,51,3,24
143.62,15,Travel,0,0,97,2,42
36.36,14,Grocery,0,0,88,1,55
30.79,7,Grocery,0,0,72,1,26
42.28,16,Clothing,0,0,38,0,63
94.24,8,Food,0,1,60,2,21
441.23,1,Grocery,0,0,98,0,53
85.52,3,Electronics,0,0,33,3,18
9.63,20,Electronics,0,0,61,2,51
20.98,19,Food,0,0,78,1,21
20.46,1,Clothing,1,0,95,0,66
232.29,4,Travel,0,0,43,4,69
58.21,5,Travel,0,0,26,2,37
323.86,21,Electronics,0,0,36,0,68
79.52,2,Food,0,0,27,1,34
18.4,7,Clothing,0,0,85,0,21
372.26,23,Food,0,0,45,4,65
136.65,12,Clothing,0,0,62,5,21
26.98,3,Clothing,0,0,45,2,60
42.27,22,Grocery,0,0,96,1,68
508.68,21,Grocery,0,0,83,4,68
353.47,12,Travel,0,0,84,3,60
265.42,9,Clothing,0,0,28,3,18
86.86,14,Electronics,1,0,31,1,20
8.88,16,Clothing,0,0,71,3,31
92.18,8,Clothing,0,0,90,2,56
29.69,9,Clothing,0,0,74,1,42
241.59,21,Food,0,0,86,1,22
34.02,6,Clothing,0,0,47,0,42
391.02,10,Grocery,0,1,69,1,59
200.31,22,Electronics,0,0,92,1,58
107.12,21,Travel,0,0,35,1,45
94.38,7,Grocery,0,0,51,2,59
293.23,18,Electronics,0,0,61,1,30
101.35,6,Clothing,0,0,54,0,21
114.16,0,Clothing,0,0,93,6,68
9.66,2,Electronics,0,0,91,3,34
521.12,16,Food,0,0,57,2,68
292.43,8,Electronics,0,0,86,1,38
377.89,3,Grocery,1,0,99,0,29
30.72,19,Clothing,0,0,53,3,62
4.03,21,Grocery,0,0,99,0,51
119.28,10,Grocery,0,1,89,1,31
332.35,20,Electronics,0,0,41,0,36
100.66,21,Food,0,0,37,2,30
122.02,17,Food,0,0,31,0,65
276.59,5,Travel,0,0,96,1,38
212.27,0,Clothing,0,0,90,3,22
34.15,17,Travel,0,0,42,2,59
204.57,17,Grocery,0,1,91,1,22
182.75,5,Travel,0,0,62,1,39
32.71,20,Food,0,0,98,0,20
297.97,16,Clothing,0,0,90,0,65
37.49,20,Electronics,0,0,88,0,56
299.9,17,Electronics,0,0,49,0,28
106.15,19,Clothing,0,1,64,5,50
541.93,19,Grocery,0,0,74,2,20
214.32,10,Grocery,0,0,27,0,39
361.22,9,Grocery,0,0,46,1,44
188.06,13,Grocery,0,0,59,1,45
164.29,1,Food,0,0,89,1,57
444.76,22,Clothing,0,0,29,1,25
187.8,6,Clothing,0,0,83,4,40
329.12,19,Electronics,0,0,79,2,26
57.22,15,Food,1,0,93,3,41
167.17,6,Grocery,1,0,82,6,33
64.47,9,Electronics,0,1,34,4,42
118.89,9,Food,0,0,28,5,68
535.6,21,Electronics,0,0,48,2,54
22.07,13,Clothing,0,0,33,4,44
204.26,14,Food,0,0,38,2,18
139.08,22,Travel,0,0,54,0,24
21.81,0,Food,0,0,67,3,51
142.78,10,Electronics,0,0,94,2,51
53.46,9,Travel,0,0,87,2,35
242.17,7,Grocery,0,0,25,1,23
189.98,23,Food,0,0,28,2,63
433.08,20,Grocery,0,0,83,1,44
48.35,7,Grocery,0,0,52,0,64
138.76,18,Travel,0,0,53,3,63
120.87,2,Travel,0,0,93,3,22
302.56,13,Food,1,0,45,1,67
246.49,7,Grocery,0,0,25,2,55
56.46,0,Travel,0,0,67,3,36
27.4,0,Electronics,0,1,99,4,61
306.66,4,Food,0,0,79,0,24
217.2,7,Clothing,0,0,89,1,29
91.86,2,Grocery,0,0,63,3,20
394.26,7,Electronics,0,0,91,1,52
14.67,23,Travel,0,0,39,5,44
2.71,7,Electronics,0,1,40,1,31
106.73,4,Travel,0,0,94,3,31
57.13,7,Electronics,0,0,27,2,19
257.64,5,Grocery,0,0,40,2,48
328.58,2,Travel,0,0,91,3,50
91.2,2,Electronics,0,0,38,0,37
2.72,23,Grocery,0,0,96,0,51
384.12,7,Grocery,0,0,84,1,37
40.84,16,Electronics,0,0,83,3,65
460.59,15,Food,0,0,58,1,58
2.21,23,Travel,0,0,51,1,47
117.93,3,Grocery,0,0,43,2,40
46.46,8,Electronics,1,0,43,0,63
150.19,6,Clothing,0,0,38,2,44
9.62,7,Grocery,0,0,95,0,44
8.89,1,Grocery,0,0,27,1,42
368.29,18,Food,0,0,29,4,44
211.17,5,Food,0,0,43,3,42
91.74,14,Clothing,0,0,48,1,55
170.29,15,Grocery,0,0,25,1,44
309.17,20,Clothing,0,0,51,1,38
15.56,11,Electronics,0,0,60,4,67
51.03,23,Travel,1,0,65,1,47
212.52,2,Clothing,0,0,68,1,61
149.84,2,Travel,0,0,93,1,22
386.2,17,Food,0,0,67,0,23
716.23,9,Clothing,0,1,65,0,30
62.82,19,Food,0,1,37,1,38
606.82,5,Clothing,0,0,42,1,37
95.4,15,Grocery,0,1,41,1,22
203.59,20,Food,0,0,50,5,46
11.6,3,Travel,0,0,48,1,62
0.58,6,Electronics,0,1,64,0,24
181.37,7,Food,0,1,48,4,31
141.57,2,Travel,0,0,32,0,19
287.73,9,Food,0,0,78,1,63
21.89,14,Food,0,0,61,2,39
367.1,5,Travel,0,0,82,1,62
57.93,6,Grocery,0,0,75,3,56
39.53,9,Clothing,0,0,54,2,66
86.87,15,Electronics,0,0,29,1,31
191.82,15,Clothing,0,0,48,6,25
98.25,15,Travel,0,0,85,6,19
101.92,15,Travel,0,0,93,3,18
14.52,14,Travel,0,0,74,0,52
25.26,7,Electronics,0,0,60,1,26
22.41,4,Electronics,0,0,36,2,43
371.95,3,Clothing,0,0,68,4,39
15.13,17,Food,0,0,28,4,43
3.18,3,Food,0,0,29,3,54
38.38,1,Grocery,0,0,63,1,52
348.45,2,Electronics,1,0,99,5,30
69.43,23,Electronics,0,0,82,2,68
164.64,13,Clothing,0,0,70,1,35
89.41,6,Travel,0,1,34,2,67
173.32,16,Grocery,0,0,45,2,19
183.45,16,Electronics,0,0,85,0,27
392.35,16,Food,0,0,73,2,20
7.4,21,Food,0,1,88,0,25
353.71,15,Grocery,0,0,62,2,61
120.45,14,Electronics,0,0,47,3,32
21.65,5,Travel,0,0,68,2,37
215.51,12,Electronics,0,0,71,2,23
501.4,23,Food,0,0,99,4,67
91.68,19,Grocery,0,0,79,3,60
309.93,16,Electronics,0,0,85,0,55
57.3,14,Clothing,0,0,78,2,35
264.61,14,Electronics,0,0,67,4,58
181.62,18,Clothing,0,0,88,3,40
84.47,2,Electronics,1,0,63,2,61
0.01,17,Travel,0,0,71,4,68
4.59,12,Electronics,0,0,87,2,42
57.45,1,Food,0,0,88,1,25
52.37,17,Clothing,0,0,75,4,45
385.31,23,Grocery,0,0,50,0,48
300.81,18,Grocery,0,0,56,1,48
242.11,0,Clothing,0,0,54,1,50
123.89,3,Grocery,0,0,80,0,43
203.46,14,Travel,0,1,44,1,41
391.19,12,Grocery,0,0,95,2,58
78.36,14,Food,1,0,79,0,18
233.7,8,Food,0,0,29,1,38
258.52,11,Grocery,0,0,36,2,47
62.5,1,Grocery,0,0,46,1,62
74.58,7,Clothing,0,0,54,3,51
54.81,23,Electronics,0,0,28,3,28
80.98,5,Food,0,1,50,3,23
198.95,8,Food,0,0,26,2,24
250.8,0,Food,0,0,49,4,61
180.97,6,Electronics,0,0,46,2,30
14.8,2,Travel,0,0,26,2,64
1.8,15,Grocery,0,0,36,2,56
96.03,12,Travel,0,0,95,3,18
240.75,5,Travel,0,0,70,0,55
241.01,13,Clothing,0,0,69,6,60
107.62,2,Travel,0,0,91,0,29
358.37,11,Food,0,0,52,3,65
225.35,0,Electronics,0,0,34,7,20
42.69,23,Grocery,1,1,39,4,46
104.47,12,Food,0,0,53,5,41
50.22,4,Food,0,1,45,2,26
222.68,10,Clothing,1,1,90,1,25
214.59,5,Electronics,0,0,41,1,54
196.43,0,Travel,0,0,26,3,63
126.9,0,Electronics,0,0,38,4,45
7.74,4,Electronics,1,0,39,1,18
56.73,17,Food,0,0,38,1,32
48.82,13,Clothing,0,0,30,4,31
75.13,2,Food,0,0,83,3,55
535.95,20,Electronics,0,1,70,0,33
373.43,7,Electronics,0,0,31,1,63
214.42,2,Travel,0,0,77,4,26
109.88,0,Electronics,0,0,78,1,23
35.92,12,Food,0,0,75,1,34
19.62,15,Clothing,0,0,36,3,53
352.79,15,Food,0,0,66,2,33
201.86,22,Clothing,0,0,90,1,60
263.31,22,Grocery,0,0,36,1,58
6.85,14,Electronics,0,0,92,0,23
21.74,20,Grocery,0,0,57,2,43
156.47,0,Travel,0,0,74,0,69
45.85,0,Grocery,0,0,40,3,41
2.91,9,Clothing,0,0,65,2,40
173.75,20,Electronics,1,0,54,3,65
118.92,17,Grocery,0,0,65,1,49
177.78,16,Grocery,0,0,95,5,52
71.23,22,Grocery,0,0,39,2,52
85.08,14,Travel,0,0,79,4,50
10.81,7,Clothing,0,0,44,3,22
406.39,16,Electronics,0,0,36,0,41
126.1,14,Travel,0,0,51,2,27
10.25,8,Food,0,0,31,1,40
315.24,22,Grocery,0,0,26,1,33
16.94,3,Clothing,0,0,44,2,60
25.52,8,Clothing,0,0,49,3,22
63.56,1,Food,0,0,63,3,68
311.06,10,Electronics,0,0,31,4,45
533.75,3,Clothing,0,0,81,2,43
74.79,3,Electronics,0,0,59,4,59
31.37,3,Food,0,0,71,1,30
26.1,5,Clothing,0,0,43,0,50
13.66,16,Grocery,0,0,49,2,30
203.06,4,Clothing,0,0,36,2,51
359.87,8,Travel,0,0,89,2,57
145.41,19,Travel,0,0,32,3,61
454.72,17,Electronics,0,0,80,3,21
228.31,6,Clothing,0,0,50,3,69
22.37,3,Grocery,0,0,78,1,52
308.06,7,Clothing,0,0,54,0,28
63.76,12,Electronics,0,0,86,0,22
544.68,8,Grocery,0,0,93,1,64
126.31,13,Grocery,0,0,86,1,19
432.08,21,Clothing,0,1,86,0,61
278.83,22,Travel,0,0,43,2,27
68.46,20,Food,0,0,74,4,23
429.51,15,Travel,0,0,69,4,24
253.2,17,Clothing,0,0,71,0,69
215.62,20,Clothing,0,0,60,3,47
103.78,23,Food,0,0,56,3,39
111.16,17,Electronics,0,0,44,2,22
0.69,11,Food,0,0,36,4,41
134.76,0,Clothing,1,0,32,4,52
51.7,0,Travel,0,0,87,0,52
175.16,2,Travel,0,0,69,1,29
51.47,17,Clothing,0,1,53,2,24
43.41,14,Grocery,0,0,76,3,35
15.65,22,Electronics,0,0,81,1,56
288.87,4,Grocery,0,0,35,1,39
348.74,13,Electronics,0,0,80,2,27
66.62,15,Food,1,0,99,0,47
117.2,16,Electronics,0,0,79,1,19
62.07,8,Food,0,0,50,4,28
23.97,5,Grocery,0,0,39,0,67
42.45,15,Food,0,0,77,2,48
14.2,14,Electronics,0,0,25,3,36
49.56,8,Travel,1,0,79,3,56
44.19,20,Clothing,0,0,45,4,61
59.14,1,Clothing,0,0,68,1,23
49.96,23,Electronics,0,0,45,1,29
137.07,3,Travel,0,0,91,2,37
3.51,19,Electronics,0,0,56,0,53
91.26,10,Clothing,0,0,41,1,67
277.24,2,Clothing,0,0,74,1,24
93.35,3,Grocery,0,0,84,4,39
150.14,0,Travel,0,0,33,0,20
145.11,18,Clothing,0,1,37,2,55
173.35,5,Travel,0,0,34,1,64
198.48,23,Food,0,0,33,2,54
195.23,5,Food,0,0,94,1,69
0.04,4,Travel,1,0,74,2,66
102.62,14,Electronics,0,0,47,4,20
8.41,1,Clothing,0,0,27,5,30
62.13,15,Food,0,0,74,3,24
69.97,11,Food,0,0,35,2,37
32.36,20,Travel,0,0,67,1,25
160.88,0,Food,0,0,89,2,49
63.11,6,Electronics,0,0,98,0,54
70.99,0,Travel,0,0,60,4,22
130.22,3,Grocery,0,0,59,4,35
43.76,15,Clothing,0,0,26,4,46
301.97,16,Food,0,0,61,2,67
24.89,0,Travel,0,0,69,1,69
145.78,10,Travel,1,0,80,1,18
54.99,21,Electronics,0,0,64,0,40
191.65,7,Electronics,0,0,95,2,33
185.18,7,Food,0,0,62,4,21
97.24,12,Electronics,0,0,94,1,63
168.45,3,Electronics,0,0,67,0,22
342.94,15,Clothing,0,0,38,2,30
51.49,18,Travel,0,0,54,2,46
155.54,13,Clothing,0,0,70,3,45
76.51,17,Food,0,0,81,1,40
141.42,23,Travel,1,0,59,3,37
194.9,1,Clothing,1,0,61,3,59
17.21,11,Travel,0,0,33,2,63
3.97,15,Grocery,0,0,40,1,62
113.49,14,Food,0,0,94,0,35
123.29,7,Clothing,1,0,57,0,19
32.97,21,Food,0,0,63,1,43
53.42,22,Electronics,1,0,98,0,24
145.62,1,Food,1,0,54,3,24
184.74,8,Grocery,0,0,41,1,41
19.25,9,Clothing,0,0,37,1,52
496.86,6,Travel,0,1,74,4,37
7.36,19,Clothing,0,0,40,5,23
43.72,11,Travel,0,0,74,3,58
174.17,14,Grocery,0,0,33,4,30
14.42,5,Electronics,0,0,88,2,42
194.91,14,Electronics,0,0,85,3,62
203.73,13,Clothing,0,0,74,3,37
94.0,2,Food,1,0,42,0,23
308.16,14,Travel,0,0,96,2,62
312.25,8,Electronics,0,0,69,1,68
481.12,19,Food,0,0,45,1,60
20.35,14,Grocery,0,0,85,1,29
94.03,12,Electronics,1,0,87,2,61
78.44,7,Electronics,0,1,54,2,49
224.11,7,Electronics,0,1,31,2,57
62.45,4,Travel,1,0,88,1,68
94.41,8,Travel,0,0,73,1,56
32.04,4,Clothing,0,1,56,4,33
52.4,7,Clothing,0,0,88,1,35
190.6,16,Electronics,0,1,60,2,21
57.22,14,Electronics,0,0,65,4,39
44.31,2,Clothing,0,0,54,0,19
144.0,20,Food,0,0,62,2,36
322.85,18,Clothing,0,0,43,2,69
215.56,11,Food,0,1,26,3,34
356.93,12,Electronics,1,0,53,3,50
30.21,18,Electronics,1,0,84,1,50
2.71,11,Electronics,0,0,34,2,51
106.27,7,Food,0,0,91,1,21
36.47,10,Clothing,0,0,36,2,66
80.17,6,Travel,0,0,47,2,28
235.22,19,Electronics,0,0,68,1,25
450.81,13,Grocery,0,0,47,4,36
101.16,11,Travel,1,0,38,0,48
108.54,18,Food,0,0,70,2,26
167.98,23,Grocery,0,0,80,0,55
258.6,21,Travel,0,0,66,6,53
225.1,21,Grocery,0,0,89,0,68
6.08,6,Clothing,0,0,77,3,48
126.44,23,Food,0,0,67,3,68
129.54,2,Travel,0,0,77,2,28
6.0,19,Food,0,0,95,0,69
96.45,11,Grocery,0,0,61,1,29
78.23,5,Clothing,0,0,29,4,22
371.24,21,Travel,0,0,70,0,33
40.27,18,Food,1,0,96,3,66
185.89,0,Travel,0,1,76,0,60
357.84,17,Clothing,0,0,55,1,50
35.85,8,Food,1,0,29,0,41
231.74,18,Grocery,0,0,90,4,19
222.31,19,Clothing,0,0,41,2,55
24.07,8,Food,0,0,35,2,30
129.59,0,Travel,0,0,93,1,45
178.67,11,Electronics,0,0,58,2,32
44.86,18,Clothing,0,0,48,3,46
232.09,11,Grocery,0,0,60,0,31
291.35,19,Grocery,0,0,80,2,48
257.63,20,Grocery,0,0,94,3,27
15.23,7,Electronics,0,0,94,1,31
222.97,20,Travel,0,0,68,6,24
2.87,17,Clothing,0,0,98,3,28
10.72,19,Clothing,0,0,85,2,59
73.83,0,Clothing,0,0,90,0,43
186.69,6,Clothing,0,0,32,2,35
103.65,10,Electronics,0,0,49,4,65
147.82,9,Clothing,0,0,99,3,59
247.0,17,Grocery,0,0,73,2,24
386.74,7,Grocery,0,0,55,1,46
593.08,22,Electronics,0,0,95,3,59
1.66,0,Clothing,0,0,60,4,18
116.02,20,Clothing,0,0,93,5,59
227.47,14,Travel,0,0,90,1,37
124.75,14,Grocery,0,0,69,0,65
13.43,13,Clothing,0,0,73,2,46
27.15,16,Electronics,0,0,68,2,49
76.33,19,Clothing,0,0,65,2,60
164.94,13,Electronics,0,0,29,6,21
269.66,22,Clothing,0,0,54,0,48
36.9,3,Grocery,0,0,49,3,29
234.76,14,Clothing,1,0,91,1,50
66.44,6,Grocery,0,0,33,0,42
30.48,17,Travel,0,1,67,1,63
15.3,3,Electronics,0,0,43,5,45
93.01,4,Grocery,0,0,58,2,20
140.02,19,Food,0,1,88,4,26
295.56,2,Clothing,0,0,71,1,65
260.4,17,Clothing,0,0,53,2,63
444.33,19,Clothing,0,0,99,1,37
73.96,1,Clothing,0,0,60,1,44
4.82,0,Travel,0,0,72,4,40
288.31,3,Electronics,0,0,89,0,52
331.93,1,Clothing,0,0,99,2,53
24.57,9,Travel,1,1,55,6,27
172.01,9,Food,0,1,45,1,40
234.43,23,Food,0,0,99,1,61
560.81,13,Clothing,0,0,34,3,57
59.59,22,Grocery,0,0,27,2,24
203.99,9,Food,0,0,73,1,58
306.13,3,Electronics,0,0,54,1,54
183.46,7,Grocery,0,0,73,1,53
54.48,20,Travel,0,0,69,0,67
143.95,7,Grocery,0,0,81,1,47
525.13,23,Travel,0,1,69,4,28
230.63,16,Electronics,0,0,83,1,65
181.04,16,Electronics,0,0,44,3,33
142.38,7,Travel,0,1,91,0,35
33.17,13,Travel,0,0,83,2,56
490.38,15,Travel,0,0,47,3,30
499.83,21,Travel,0,0,32,3,63
61.58,8,Clothing,0,1,25,0,39
208.52,13,Clothing,0,0,27,2,47
95.27,19,Electronics,0,0,41,3,26
379.46,15,Electronics,0,0,85,0,59
388.49,7,Electronics,0,0,53,2,46
204.93,14,Electronics,0,0,62,2,60
36.99,11,Travel,0,0,60,3,28
56.15,14,Electronics,1,0,26,0,69
5.66,14,Food,0,0,71,4,22
84.69,23,Food,0,0,73,3,60
7.93,8,Travel,1,0,99,1,53
18.5,1,Electronics,0,0,82,2,64
67.22,0,Travel,0,0,61,1,30
83.58,23,Clothing,1,0,63,4,34
21.5,21,Food,0,0,69,0,27
7.53,10,Travel,0,0,66,3,55
158.42,0,Grocery,0,0,38,3,25
326.54,20,Grocery,0,0,43,4,59
41.09,9,Travel,0,0,95,0,57
359.65,9,Food,0,0,63,3,50
39.93,22,Electronics,0,0,53,2,24
91.14,8,Clothing,0,0,65,4,30
166.4,4,Grocery,0,0,55,0,40
435.09,7,Travel,0,0,84,0,58
55.92,15,Grocery,0,0,84,4,26
285.76,4,Food,0,0,52,3,22
16.53,10,Food,0,0,78,2,37
3.03,5,Food,0,0,54,1,69
91.35,22,Grocery,0,0,71,1,50
569.91,10,Electronics,0,0,91,1,22
29.7,19,Travel,0,0,26,3,58
36.65,14,Travel,0,0,42,1,41
60.92,17,Food,0,0,30,2,24
42.69,6,Travel,0,0,73,1,63
53.59,16,Food,0,1,67,2,46
101.08,6,Travel,0,0,28,2,57
16.8,20,Travel,0,0,35,1,35
191.11,6,Grocery,0,0,32,1,41
177.95,23,Grocery,0,0,46,4,35
341.45,7,Food,0,0,53,4,56
71.52,1,Grocery,1,0,31,3,28
137.96,15,Clothing,0,0,59,1,38
5.68,15,Grocery,0,0,69,2,28
638.22,22,Electronics,0,0,77,2,40
216.09,6,Food,0,0,55,5,63
69.24,8,Electronics,0,0,82,0,63
404.14,21,Electronics,0,1,26,1,18
219.43,20,Food,0,0,57,0,63
596.47,17,Food,0,0,58,3,34
73.18,1,Travel,0,0,66,4,62
128.3,22,Grocery,0,0,43,0,45
65.36,5,Grocery,0,0,97,2,54
146.22,14,Travel,0,0,96,0,62
6.3,10,Travel,0,0,57,1,31
74.76,8,Travel,0,0,74,1,46
356.51,15,Clothing,0,0,63,1,35
130.88,18,Clothing,0,0,85,5,39
5.85,3,Food,0,1,60,0,28
367.11,4,Electronics,0,0,39,4,40
7.05,11,Grocery,0,0,83,2,22
61.01,11,Clothing,0,1,25,3,44
4.71,17,Food,0,0,65,1,67
107.13,4,Electronics,0,0,53,1,38
23.05,10,Travel,0,0,80,2,23
69.42,0,Electronics,0,0,49,2,59
30.66,8,Food,0,0,45,2,67
129.91,7,Food,0,0,47,1,67
44.62,0,Food,0,0,27,2,22
66.73,22,Grocery,0,0,86,4,32
210.79,12,Grocery,0,0,84,1,40
203.76,10,Travel,0,0,75,1,57
99.45,12,Travel,0,0,78,0,42
354.22,9,Travel,0,0,81,2,60
148.38,22,Food,0,0,36,1,19
75.54,5,Electronics,0,0,76,2,65
105.19,9,Travel,0,0,47,4,60
212.93,12,Travel,0,0,83,3,49
28.43,13,Electronics,0,0,33,1,52
46.47,0,Travel,0,0,87,1,68
126.37,9,Grocery,0,0,75,0,46
265.7,7,Grocery,0,0,29,1,47
129.39,17,Grocery,0,0,76,0,31
282.04,22,Travel,1,0,83,4,33
152.59,6,Food,0,0,88,2,39
91.8,15,Electronics,0,0,25,2,36
413.48,0,Food,0,0,67,3,47
246.25,21,Food,0,1,31,1,27
143.54,23,Food,0,0,85,1,26
198.34,16,Travel,0,0,48,2,65
201.04,6,Food,0,0,51,0,60
154.05,8,Travel,0,0,73,3,34
344.56,20,Travel,0,0,37,3,54
158.01,20,Food,0,0,89,3,43
301.7,1,Electronics,0,0,61,1,41
6.17,8,Grocery,0,0,44,1,38
298.47,16,Electronics,0,0,33,3,55
0.96,3,Electronics,1,0,58,1,69
2.69,11,Food,1,0,68,7,45
113.39,7,Food,0,0,54,1,31
476.69,1,Electronics,0,0,92,1,34
200.27,1,Clothing,0,0,34,0,50
216.92,14,Electronics,1,0,52,0,28
146.57,15,Electronics,0,0,52,1,45
145.43,6,Travel,0,0,54,2,64
169.27,5,Clothing,0,0,79,5,54
11.51,15,Grocery,0,0,99,0,62
266.51,23,Electronics,0,0,94,2,44
132.18,5,Food,0,0,93,1,28
502.2,15,Travel,0,0,41,1,61
104.42,15,Travel,0,0,72,0,61
49.21,0,Electronics,0,0,95,3,65
47.75,9,Clothing,0,0,46,1,44
792.0,6,Travel,0,0,81,1,43
117.66,20,Food,0,0,96,1,64
57.64,8,Electronics,0,0,42,1,59
76.57,0,Grocery,0,0,72,3,38
157.36,23,Grocery,0,0,87,1,28
97.88,23,Electronics,0,0,40,1,23
655.56,12,Grocery,0,0,88,1,66
254.43,1,Food,0,0,95,1,35
142.59,15,Electronics,0,0,50,1,47
26.58,14,Clothing,0,0,97,0,50
294.37,0,Food,0,0,48,0,40
404.3,4,Clothing,0,1,33,1,38
181.88,9,Grocery,0,1,87,2,25
100.27,13,Electronics,0,0,95,0,61
126.06,10,Clothing,0,0,41,2,39
359.42,22,Electronics,0,0,85,2,23
124.21,5,Travel,0,0,84,0,24
57.88,5,Food,0,0,91,2,24
502.06,19,Grocery,0,0,41,2,33
102.46,19,Food,0,0,29,2,41
89.78,5,Electronics,0,0,47,0,22
95.22,17,Travel,0,0,75,4,55
339.66,8,Food,0,0,28,1,34
316.89,19,Food,0,0,49,6,50
18.8,13,Travel,0,0,81,2,31
195.42,15,Grocery,0,0,47,2,24
92.91,10,Electronics,0,0,96,2,49
208.84,9,Food,0,0,97,6,63
73.79,16,Grocery,0,0,52,3,34
119.82,15,Food,0,0,63,2,63
228.43,2,Food,0,0,69,1,62
321.02,5,Electronics,0,0,83,3,29
86.67,13,Electronics,0,0,83,0,23
293.44,22,Clothing,0,0,95,1,57
204.35,23,Clothing,0,0,31,2,60
540.72,23,Electronics,0,0,29,4,26
90.73,17,Food,0,0,77,3,46
12.95,16,Clothing,0,0,31,1,62
212.19,7,Grocery,0,0,35,2,19
22.51,16,Travel,0,0,59,3,66
270.84,8,Food,0,0,94,2,25
138.83,9,Food,0,0,35,3,21
299.82,0,Electronics,0,0,78,4,54
237.17,8,Grocery,0,0,33,1,37
71.92,23,Food,0,0,36,0,61
462.03,10,Clothing,0,1,88,4,64
20.33,22,Travel,0,0,78,2,65
74.17,22,Grocery,0,0,28,3,53
66.49,6,Grocery,0,0,81,4,47
507.79,21,Grocery,0,0,70,4,40
212.34,16,Food,0,0,92,1,40
92.82,17,Grocery,0,0,84,0,62
568.27,1,Food,0,0,29,4,31
17.68,21,Electronics,0,0,83,1,33
398.66,3,Grocery,0,0,30,5,61
8.11,21,Travel,0,0,78,4,58
90.5,0,Clothing,0,0,39,2,62
46.63,11,Grocery,0,0,73,2,54
119.54,17,Travel,0,0,92,1,41
234.31,4,Travel,0,0,50,1,63
131.63,20,Clothing,0,0,35,1,27
6.73,10,Electronics,0,0,62,3,29
128.81,23,Grocery,0,0,32,2,56
261.63,15,Travel,0,0,92,5,38
79.01,1,Electronics,0,0,99,4,53
266.72,4,Travel,0,0,45,0,38
15.98,7,Food,0,0,63,2,37
186.49,14,Travel,0,0,46,1,34
76.98,10,Travel,0,0,75,2,24
106.08,8,Food,0,0,35,3,56
246.9,22,Food,0,0,34,0,21
93.88,16,Travel,0,0,36,7,27
13.85,23,Travel,0,0,36,4,67
96.46,0,Food,0,1,38,2,60
145.23,9,Electronics,0,0,52,2,30
710.94,20,Electronics,0,0,28,1,21
375.0,3,Food,0,0,79,2,24
103.36,7,Grocery,0,0,89,2,56
2.0,6,Electronics,1,0,93,1,63
156.25,1,Clothing,0,0,54,1,34
21.68,5,Clothing,0,0,40,3,23
135.39,5,Food,0,1,88,3,27
817.59,12,Grocery,0,0,60,2,27
93.58,23,Electronics,0,0,53,1,68
486.35,3,Grocery,0,0,58,4,50
518.08,14,Grocery,0,0,71,1,38
313.45,17,Travel,0,0,97,2,55
143.28,2,Electronics,0,0,45,3,44
441.04,8,Grocery,0,0,75,1,66
8.99,9,Clothing,0,0,56,3,39
118.45,12,Travel,0,0,93,1,36
30.56,7,Food,1,0,78,2,23
82.9,19,Travel,0,0,37,0,18
19.09,13,Grocery,0,0,30,1,50
70.4,14,Electronics,0,0,28,1,23
70.88,23,Clothing,0,0,53,0,33
60.49,5,Travel,0,0,37,3,54
201.13,17,Grocery,0,0,96,2,27
174.8,5,Grocery,0,0,64,0,24
113.82,1,Grocery,0,0,41,5,42
192.47,4,Travel,0,0,91,2,21
177.64,2,Travel,0,0,70,1,27
114.88,2,Electronics,0,0,95,2,25
102.39,20,Travel,0,0,42,7,25
405.74,8,Electronics,0,0,84,1,60
298.62,9,Electronics,0,0,93,2,65
880.32,23,Electronics,0,0,32,3,54
224.89,13,Travel,1,0,75,3,57
129.89,18,Travel,0,0,48,0,66
115.7,4,Food,0,1,91,3,25
249.43,15,Grocery,0,1,64,1,50
409.84,3,Grocery,0,0,92,2,43
122.13,12,Clothing,0,0,76,3,42
42.16,13,Travel,0,0,69,1,23
19.6,8,Grocery,0,0,90,2,67
72.62,14,Electronics,1,0,98,5,67
776.66,3,Grocery,1,0,32,4,56
93.31,4,Electronics,0,0,65,0,22
241.04,17,Electronics,1,0,70,2,23
66.85,1,Travel,0,0,90,4,39
88.99,13,Grocery,1,0,57,1,67
87.76,13,Travel,0,0,78,2,30
17.58,11,Electronics,0,0,96,2,55
25.99,1,Food,0,0,70,4,65
86.37,5,Electronics,0,1,28,3,60
60.3,7,Travel,0,0,88,2,45
25.0,18,Grocery,0,0,78,2,41
442.24,8,Grocery,0,0,67,2,40
40.3,20,Travel,0,0,59,3,60
177.85,9,Clothing,0,0,25,2,64
389.68,1,Clothing,0,0,76,3,29
19.81,3,Travel,0,0,29,1,42
190.14,22,Food,0,0,97,1,36
201.76,10,Travel,0,1,70,1,60
324.66,8,Food,0,0,69,1,57
516.59,10,Grocery,0,0,32,3,37
39.88,19,Clothing,0,0,29,1,29
389.33,3,Travel,0,0,54,1,25
89.49,19,Electronics,0,0,56,1,28
173.29,0,Food,0,0,53,4,52
1390.24,1,Clothing,0,0,43,1,61
3.66,6,Clothing,0,0,93,3,49
152.7,16,Electronics,0,0,99,0,36
69.31,22,Grocery,0,0,25,0,53
405.37,16,Grocery,1,0,49,1,21
3.01,16,Food,0,0,72,0,55
188.95,1,Grocery,0,0,98,3,19
107.3,8,Clothing,0,0,32,2,45
495.23,14,Grocery,0,0,50,0,59
121.88,18,Food,0,0,96,4,53
775.84,7,Food,0,0,95,1,26
173.28,2,Electronics,0,0,87,1,21
10.16,15,Food,0,0,33,1,31
46.34,18,Travel,0,0,28,2,40
18.85,11,Food,0,1,49,0,39
192.62,1,Food,0,0,48,2,69
70.19,5,Grocery,0,0,40,2,40
1.37,6,Grocery,0,0,30,0,22
229.71,20,Food,1,0,83,2,25
404.15,2,Food,0,0,61,6,46
24.67,23,Clothing,0,0,78,0,67
36.98,18,Food,0,0,34,5,37
296.9,9,Electronics,0,0,61,0,35
299.34,1,Travel,0,0,64,1,22
292.86,1,Electronics,0,0,44,2,69
125.31,3,Electronics,0,0,95,2,64
488.92,9,Clothing,0,0,34,1,38
191.76,9,Travel,0,0,73,3,59
12.53,20,Grocery,0,0,70,1,65
174.31,0,Clothing,0,0,46,2,29
37.47,0,Grocery,0,0,25,0,39
27.96,0,Food,0,0,70,1,60
3.98,3,Clothing,0,0,60,1,57
318.31,22,Grocery,0,0,99,5,64
595.19,14,Travel,0,0,38,7,68
114.54,5,Food,0,0,61,2,37
355.77,16,Travel,0,0,53,1,46
53.62,18,Clothing,0,0,48,4,39
12.95,2,Food,0,1,79,1,59
330.85,14,Electronics,0,0,56,2,32
93.93,1,Travel,0,1,27,3,69
236.68,18,Electronics,0,0,89,5,28
49.75,0,Travel,0,0,41,2,44
89.9,16,Travel,0,0,36,3,51
335.96,17,Clothing,0,1,78,1,20
250.1,8,Clothing,0,0,48,2,48
284.55,15,Electronics,0,0,69,3,51
69.53,5,Food,0,0,78,1,32
152.29,4,Grocery,1,0,99,1,35
319.22,18,Electronics,0,0,60,4,29
222.61,20,Clothing,0,0,95,5,33
62.87,17,Clothing,0,0,25,1,61
299.58,21,Electronics,0,0,55,3,51
47.68,1,Travel,0,0,80,3,52
253.57,21,Travel,0,1,38,2,25
118.15,19,Food,0,1,75,3,59
213.07,20,Travel,0,0,86,0,51
334.83,16,Electronics,0,0,70,1,37
12.38,12,Clothing,0,0,49,2,32
59.62,0,Food,1,0,57,3,25
210.32,6,Travel,0,0,40,1,59
74.4,0,Grocery,1,0,36,1,57
200.25,1,Travel,1,0,63,2,55
401.12,14,Electronics,0,0,32,1,29
342.18,13,Clothing,0,0,46,5,54
198.12,10,Food,0,0,60,1,41
20.56,16,Electronics,0,0,78,1,47
103.65,15,Clothing,1,0,72,0,60
18.27,19,Travel,0,0,86,0,63
76.4,17,Electronics,0,0,60,1,33
223.89,17,Travel,0,0,58,2,63
115.91,19,Grocery,0,0,31,2,45
120.35,22,Clothing,0,0,85,2,56
157.75,7,Clothing,1,0,45,6,62
68.16,17,Grocery,0,0,32,1,28
88.77,13,Food,0,0,49,2,34
42.24,18,Electronics,0,0,98,1,69
88.42,3,Clothing,0,0,81,6,45
25.01,22,Clothing,0,0,96,3,57
283.11,3,Clothing,1,0,86,0,58
15.82,21,Food,0,1,34,5,23
226.01,3,Grocery,0,0,75,3,37
136.91,12,Clothing,0,0,41,2,51
109.08,19,Clothing,0,0,69,1,53
23.61,21,Travel,0,0,33,4,39
53.78,21,Clothing,1,0,65,6,47
258.53,1,Electronics,0,0,62,0,50
62.19,10,Grocery,0,0,64,2,30
139.04,12,Food,0,0,81,1,38
977.98,18,Clothing,0,0,65,2,22
188.33,5,Travel,0,0,49,1,29
473.08,13,Clothing,0,0,72,1,35
60.41,13,Grocery,0,0,45,3,68
73.36,19,Travel,0,0,76,2,66
131.04,9,Clothing,0,0,48,2,36
426.09,17,Grocery,0,0,63,3,60
34.82,1,Electronics,0,0,89,0,42
105.63,4,Electronics,0,0,93,4,24
175.44,14,Food,0,0,95,1,38
671.45,9,Clothing,0,1,39,1,61
206.96,6,Electronics,0,0,87,1,66
24.62,4,Food,0,1,62,2,31
178.1,16,Electronics,0,0,49,2,33
35.98,13,Food,0,0,45,2,43
187.08,14,Electronics,0,1,41,2,44
81.05,12,Clothing,1,0,83,3,29
582.79,17,Travel,0,0,62,0,23
28.04,4,Food,0,0,27,1,50
168.83,13,Grocery,0,0,77,0,63
455.07,21,Food,0,0,53,1,35
215.65,11,Clothing,0,0,98,2,69
30.48,14,Clothing,0,1,38,4,46
95.29,14,Grocery,0,0,43,4,39
30.69,12,Electronics,0,0,39,2,20
78.84,4,Grocery,0,1,44,4,45
12.61,3,Food,0,0,32,2,28
242.8,8,Travel,0,0,69,1,21
61.13,20,Grocery,0,1,47,1,42
16.17,7,Travel,0,0,94,2,26
159.7,6,Food,0,0,66,4,63
58.48,1,Clothing,0,0,97,5,50
125.54,10,Electronics,1,1,40,1,48
314.05,8,Clothing,0,0,61,2,21
431.28,10,Electronics,0,0,78,4,25
49.16,15,Grocery,1,0,71,0,51
113.53,11,Travel,1,0,93,1,63
100.61,17,Travel,0,1,91,3,34
29.02,18,Grocery,0,0,83,2,67
307.73,16,Electronics,0,0,93,4,33
64.53,12,Grocery,0,0,89,1,61
2.07,19,Clothing,0,0,43,1,22
83.81,10,Grocery,0,0,72,4,33
36.67,8,Electronics,1,0,46,1,67
88.16,9,Electronics,0,0,28,2,21
116.33,11,Grocery,0,0,95,0,58
483.23,17,Electronics,0,0,47,3,58
39.86,9,Electronics,0,1,50,3,38
681.24,22,Grocery,0,0,49,2,36
331.91,14,Clothing,0,0,82,1,45
97.43,11,Travel,0,0,98,1,46
17.39,22,Grocery,0,0,93,1,67
44.58,15,Food,0,0,70,2,40
394.72,18,Travel,0,0,85,1,61
356.09,20,Clothing,0,1,54,0,20
429.99,3,Electronics,0,0,25,2,44
162.73,10,Grocery,0,0,90,0,47
525.28,9,Clothing,0,0,45,1,59
86.2,8,Travel,0,0,60,2,54
227.9,16,Food,0,0,53,2,63
114.38,20,Clothing,1,0,87,1,57
168.67,14,Travel,0,0,84,1,62
121.36,9,Electronics,1,0,49,2,51
192.29,19,Travel,0,0,42,2,56
75.3,11,Food,0,0,60,5,65
1.73,23,Travel,0,0,83,2,67
603.51,10,Travel,0,0,33,6,25
195.41,9,Travel,0,0,42,0,45
200.86,9,Food,1,1,89,2,29
71.6,14,Food,0,0,38,1,69
217.62,4,Electronics,0,0,81,2,37
197.89,5,Travel,1,0,82,0,43
65.6,5,Grocery,0,0,54,2,22
16.76,20,Clothing,0,0,83,3,37
217.4,16,Grocery,0,0,61,3,44
184.69,6,Food,0,1,93,2,35
58.34,12,Grocery,0,0,45,2,22
276.0,16,Grocery,0,0,95,1,36
304.76,7,Food,0,0,37,2,57
175.38,16,Food,0,0,72,2,44
16.09,16,Clothing,1,0,45,1,35
142.5,5,Travel,0,0,77,3,46
30.85,16,Food,0,1,25,2,21
136.46,21,Food,0,0,37,1,19
503.64,11,Clothing,0,0,72,1,27
203.72,16,Clothing,0,0,32,2,63
318.49,7,Grocery,0,0,82,5,68
193.88,20,Grocery,0,0,47,0,19
22.49,4,Food,0,0,49,3,65
22.96,5,Food,0,1,88,1,36
384.2,18,Electronics,0,0,86,2,60
23.21,20,Grocery,0,0,89,1,64
452.23,2,Grocery,0,0,70,3,60
47.83,13,Travel,0,0,68,0,18
115.82,22,Grocery,1,0,36,3,23
45.72,21,Travel,1,0,81,1,49
516.27,7,Clothing,0,0,70,4,45
131.04,11,Clothing,0,0,82,0,51
141.45,16,Clothing,0,0,79,3,57
10.41,3,Clothing,0,0,66,0,42
126.55,7,Clothing,0,0,58,3,40
222.4,2,Electronics,0,0,29,4,30
21.46,12,Grocery,0,0,51,3,43
60.8,15,Electronics,1,0,49,3,49
36.34,11,Grocery,0,0,50,3,69
76.79,17,Grocery,0,0,28,0,42
125.69,10,Grocery,0,0,46,3,49
78.59,21,Clothing,0,0,84,2,25
289.5,7,Grocery,0,0,80,2,31
122.27,21,Electronics,0,0,65,1,66
462.21,16,Electronics,0,0,75,0,65
280.05,20,Electronics,0,1,73,1,34
214.63,23,Grocery,0,0,87,4,23
2.06,11,Clothing,0,0,27,1,25
335.72,4,Travel,0,0,25,1,43
98.84,3,Food,0,1,67,3,53
598.76,17,Travel,0,0,34,6,21
268.22,18,Food,0,0,69,2,53
61.35,10,Clothing,0,0,44,2,48
59.03,20,Electronics,0,0,64,3,36
196.75,16,Clothing,0,0,93,1,44
253.27,0,Grocery,0,0,58,3,30
32.01,8,Travel,0,0,68,2,34
91.5,19,Travel,0,0,44,2,58
13.08,9,Food,0,0,26,2,69
69.67,2,Food,0,0,83,3,56
25.98,21,Electronics,0,0,35,0,45
288.17,7,Grocery,0,0,71,0,38
487.67,1,Clothing,0,0,78,2,35
119.96,22,Food,1,0,28,3,40
36.61,15,Grocery,0,0,31,1,19
417.95,9,Food,0,0,82,2,61
109.69,12,Food,0,0,45,1,47
335.43,20,Food,1,1,29,2,44
332.05,9,Clothing,0,0,59,3,67
135.36,5,Food,0,0,58,3,23
397.67,2,Grocery,0,0,52,2,38
433.82,7,Clothing,0,0,35,2,39
457.6,3,Food,1,0,51,1,24
166.88,7,Travel,0,0,45,5,46
214.38,5,Clothing,0,0,38,2,59
318.2,20,Electronics,0,0,99,3,39
209.5,16,Travel,0,0,84,3,64
141.14,3,Food,0,0,79,0,58
193.05,1,Food,0,0,26,1,55
47.07,3,Food,0,0,25,1,36
199.96,14,Food,0,0,36,1,65
120.46,10,Electronics,0,0,38,1,39
282.61,8,Food,0,0,73,1,21
52.34,7,Clothing,1,0,63,0,57
938.66,17,Travel,0,0,87,1,43
55.05,16,Clothing,0,0,74,1,37
8.08,8,Travel,0,0,38,2,57
630.1,12,Travel,0,1,77,2,45
17.06,16,Grocery,0,0,70,3,19
103.1,20,Food,0,0,79,2,28
259.36,12,Travel,0,0,51,3,56
6.26,23,Clothing,0,0,33,1,44
208.01,9,Travel,0,0,67,3,43
30.08,6,Electronics,0,0,72,1,56
211.33,2,Electronics,0,0,40,0,55
133.27,21,Food,1,1,58,1,48
172.39,14,Grocery,1,0,77,3,42
24.26,19,Electronics,0,1,52,1,41
69.12,2,Food,0,0,56,0,56
40.43,14,Travel,0,1,46,0,66
299.04,17,Food,0,0,65,1,18
42.18,21,Travel,0,0,70,1,30
20.05,23,Electronics,0,1,86,1,40
606.71,7,Travel,0,0,66,5,33
20.11,6,Food,0,0,90,2,43
26.19,1,Food,0,0,26,0,64
67.64,13,Electronics,0,1,94,1,64
49.11,17,Clothing,0,0,53,1,43
72.08,13,Electronics,0,0,57,3,19
53.27,17,Grocery,0,0,63,3,48
177.98,20,Electronics,0,0,65,2,34
415.84,8,Travel,0,1,79,2,45
171.84,18,Clothing,0,0,53,2,21
565.54,8,Food,0,0,78,1,35
516.78,15,Food,0,0,60,2,38
92.06,20,Clothing,0,0,70,1,68
29.98,2,Grocery,0,0,75,1,20
262.39,4,Food,0,0,34,1,35
595.88,8,Electronics,0,0,96,2,23
69.86,19,Travel,0,0,43,2,32
111.09,22,Travel,0,0,61,3,27
155.13,5,Clothing,0,0,32,3,46
356.66,18,Electronics,0,0,60,3,18
451.12,20,Clothing,0,0,72,1,64
63.7,13,Electronics,0,0,78,5,57
385.43,7,Food,0,0,74,1,41
77.58,9,Clothing,0,0,69,2,50
93.9,0,Food,0,0,56,0,21
119.75,10,Clothing,0,0,67,1,33
193.92,5,Food,0,0,26,3,68
49.59,8,Grocery,0,0,79,1,34
7.37,23,Grocery,0,0,38,3,42
249.28,4,Travel,0,0,82,1,23
83.44,13,Travel,0,0,58,1,23
12.15,14,Grocery,0,0,65,2,18
244.05,20,Travel,0,0,44,2,60
218.3,10,Grocery,0,0,48,1,53
98.9,10,Food,1,0,76,2,37
251.93,13,Clothing,0,0,40,2,60
64.58,15,Travel,0,0,53,1,26
294.86,8,Food,0,0,53,4,53
214.72,12,Electronics,0,0,47,4,68
53.86,3,Electronics,0,0,79,2,65
7.12,5,Electronics,1,0,87,1,60
10.77,15,Grocery,0,0,57,3,23
172.57,20,Travel,0,0,88,1,56
36.71,8,Grocery,0,1,73,1,43
97.42,0,Electronics,0,0,78,4,62
329.2,3,Food,0,0,44,3,52
66.63,3,Travel,0,0,28,1,59
8.24,19,Electronics,0,0,50,2,61
50.2,23,Food,0,0,74,1,33
9.75,16,Clothing,1,0,46,4,62
220.74,2,Food,0,0,47,0,46
101.17,23,Travel,0,0,63,2,64
292.04,15,Clothing,0,0,54,4,55
11.15,3,Food,0,0,35,4,59
153.38,4,Grocery,0,0,94,3,23
110.85,11,Travel,0,0,98,0,32
18.53,1,Travel,0,0,36,3,57
131.88,20,Travel,1,0,27,3,67
45.92,20,Electronics,0,0,40,1,59
91.49,15,Clothing,0,0,80,1,33
6.77,0,Clothing,0,0,87,2,26
6.73,22,Food,0,0,83,0,30
7.22,18,Food,0,0,76,5,37
426.44,13,Clothing,1,0,28,1,31
123.45,0,Clothing,1,0,27,0,30
134.12,10,Clothing,0,0,90,3,18
155.33,8,Travel,0,0,56,2,31
618.23,1,Electronics,0,0,78,4,38
388.28,2,Travel,0,0,68,3,18
4.3,23,Food,1,0,77,2,36
126.62,23,Electronics,0,0,40,2,23
314.19,12,Clothing,0,0,98,3,65
193.6,4,Food,0,0,90,1,32
65.09,4,Grocery,0,0,26,1,50
92.77,19,Electronics,0,0,41,2,68
15.69,13,Clothing,0,0,61,2,54
305.91,15,Clothing,0,0,47,4,64
182.11,23,Clothing,0,0,94,2,41
25.85,18,Travel,0,0,38,3,69
229.21,5,Clothing,0,0,65,0,43
124.99,22,Travel,0,0,58,1,29
262.8,12,Electronics,0,0,67,4,50
12.76,1,Clothing,0,0,31,6,58
132.15,21,Travel,0,0,52,1,41
45.79,10,Grocery,0,0,40,0,61
180.82,15,Food,0,0,76,2,20
121.0,12,Electronics,0,0,90,2,47
304.66,4,Grocery,0,0,81,5,48
172.27,8,Travel,0,0,44,7,68
65.07,1,Grocery,0,0,34,2,18
154.27,16,Food,1,0,59,0,47
458.56,18,Grocery,1,0,66,4,59
23.68,10,Grocery,0,0,95,0,65
157.61,16,Grocery,0,0,54,2,44
152.28,3,Food,0,0,37,2,49
161.23,16,Travel,0,0,78,1,66
84.1,3,Food,0,0,85,3,21
420.71,12,Food,1,0,72,3,19
285.42,20,Food,0,0,77,4,66
20.85,3,Food,0,0,97,3,61
175.39,22,Clothing,1,0,95,0,25
680.38,17,Travel,0,0,83,3,32
25.39,11,Food,0,0,39,3,18
196.38,1,Food,0,0,46,2,60
104.43,17,Food,0,0,32,0,61
183.59,3,Travel,0,0,86,1,18
363.53,18,Grocery,0,0,70,2,48
138.87,12,Electronics,0,0,59,2,46
126.24,7,Clothing,0,0,66,1,25
185.34,4,Grocery,0,0,72,3,68
214.34,3,Electronics,0,0,36,2,27
243.6,10,Grocery,0,0,39,2,32
1027.58,4,Travel,0,0,91,2,51
61.13,23,Electronics,0,1,73,6,67
59.96,2,Electronics,0,0,36,0,44
229.81,3,Electronics,0,0,85,8,65
266.14,8,Food,1,0,28,5,68
33.36,13,Food,0,0,75,2,44
196.05,11,Clothing,0,0,43,0,55
78.83,0,Travel,0,0,61,2,42
15.77,0,Food,0,0,71,0,53
24.38,7,Electronics,0,0,82,5,27
165.42,19,Clothing,0,0,50,2,25
366.82,19,Travel,0,0,29,1,56
560.82,19,Food,0,0,85,3,56
87.32,8,Clothing,0,0,84,3,50
97.55,11,Grocery,0,0,58,2,47
67.81,0,Travel,0,0,65,2,44
425.88,12,Grocery,0,0,52,0,19
117.95,4,Grocery,0,0,32,1,37
442.84,5,Travel,1,0,27,3,68
67.58,5,Food,0,0,39,2,34
630.45,5,Electronics,0,0,27,0,38
244.04,22,Electronics,0,0,26,2,43
244.36,2,Electronics,0,1,72,2,51
320.41,9,Electronics,0,0,74,3,44
207.29,16,Electronics,0,0,66,3,27
342.51,0,Grocery,0,0,61,3,60
42.05,1,Electronics,0,0,87,0,55
42.22,12,Grocery,0,0,59,2,46
359.99,8,Electronics,0,1,75,4,57
38.74,20,Grocery,0,0,30,2,57
123.09,5,Electronics,1,0,33,3,23
11.48,11,Electronics,0,0,84,2,30
73.94,22,Food,0,1,74,2,53
222.0,1,Food,0,0,50,2,27
316.77,10,Grocery,0,0,28,3,60
95.34,14,Electronics,0,1,61,3,57
49.78,8,Clothing,0,0,74,1,28
91.52,3,Travel,0,0,99,4,28
41.87,18,Electronics,0,0,58,0,44
7.14,5,Electronics,0,0,74,0,48
9.29,18,Electronics,0,0,74,3,23
64.56,18,Clothing,0,0,57,0,68
167.73,19,Food,1,0,28,3,46
72.45,7,Clothing,0,0,88,2,21
16.51,8,Food,0,0,69,3,25
68.61,11,Clothing,0,0,27,2,36
304.53,2,Travel,0,0,93,0,68
58.79,15,Food,0,0,44,0,66
124.42,13,Grocery,0,1,78,2,55
132.72,14,Electronics,0,0,94,4,39
77.4,18,Electronics,0,0,62,0,30
634.65,5,Electronics,0,0,38,3,41
148.64,1,Clothing,0,0,56,5,23
123.42,1,Travel,0,0,60,1,67
146.69,5,Grocery,0,0,75,3,21
33.22,6,Electronics,0,0,26,3,40
102.43,6,Electronics,0,0,71,1,38
53.89,17,Electronics,0,0,48,1,69
12.94,14,Clothing,0,0,76,2,54
390.85,21,Grocery,1,0,62,0,54
132.18,20,Travel,0,0,64,2,62
300.04,16,Food,0,0,82,0,44
286.35,16,Grocery,0,0,85,1,64
189.81,9,Food,0,0,49,0,46
122.2,22,Travel,0,0,33,1,58
373.18,16,Electronics,0,0,51,1,25
29.35,8,Electronics,0,0,97,1,69
162.1,6,Food,0,0,78,4,38
19.01,9,Food,0,0,32,1,26
153.58,21,Electronics,1,1,77,1,31
53.69,13,Food,0,1,36,4,41
128.35,4,Grocery,0,0,72,3,61
91.39,10,Electronics,0,0,81,5,39
209.72,21,Travel,0,0,81,3,29
102.36,23,Food,0,1,34,2,39
218.95,7,Travel,0,0,53,1,62
308.73,0,Food,0,0,91,5,68
110.35,22,Food,0,0,98,3,34
232.62,19,Grocery,0,0,44,3,57
211.22,18,Electronics,0,0,82,1,60
30.08,2,Food,1,0,85,1,28
1.83,8,Travel,0,0,32,1,26
453.58,0,Food,0,0,53,2,64
313.19,4,Food,0,0,43,0,19
83.66,22,Travel,0,0,60,1,27
326.1,17,Travel,0,0,63,0,46
38.44,22,Grocery,0,0,29,2,58
351.21,8,Food,0,0,79,3,60
316.33,20,Clothing,0,0,45,2,35
159.61,2,Travel,0,0,86,0,63
12.27,20,Food,0,0,88,3,35
9.49,3,Travel,0,0,87,2,39
45.56,16,Grocery,0,0,35,1,45
414.5,3,Grocery,0,0,84,1,52
334.21,7,Electronics,0,0,29,3,47
15.6,7,Electronics,0,0,86,3,41
13.17,23,Food,0,0,88,1,68
2.06,3,Grocery,0,0,36,5,36
121.99,23,Clothing,0,0,61,4,57
0.0,16,Travel,0,0,72,1,23
260.58,7,Grocery,0,0,72,3,22
40.95,22,Food,0,0,55,2,56
66.89,18,Food,0,0,38,2,65
265.18,18,Food,0,0,78,2,20
12.5,3,Electronics,0,0,87,3,64
124.9,13,Grocery,0,0,41,3,69
93.43,15,Travel,0,0,41,1,19
456.55,19,Grocery,0,0,90,2,53
271.33,18,Food,0,0,59,6,37
332.94,19,Food,0,0,82,0,27
22.26,3,Grocery,1,0,87,4,32
145.54,9,Clothing,0,0,62,0,40
118.57,6,Grocery,0,0,96,3,35
47.99,13,Grocery,0,0,75,1,36
99.68,12,Electronics,0,0,38,2,52
59.21,13,Grocery,0,0,59,5,42
258.02,19,Electronics,0,0,39,5,63
134.98,4,Travel,0,0,66,3,53
19.79,15,Food,0,1,52,1,59
47.91,7,Clothing,0,0,47,3,28
74.07,16,Electronics,0,0,33,3,32
23.72,8,Grocery,0,0,50,4,54
273.1,12,Travel,0,0,31,1,52
343.96,17,Electronics,0,0,87,3,20
245.2,18,Clothing,0,0,95,3,23
8.81,7,Clothing,0,0,62,3,49
409.34,5,Food,0,0,87,2,22
225.56,21,Travel,0,0,52,3,60
49.85,2,Grocery,0,1,99,1,63
40.47,5,Grocery,0,0,48,1,48
189.28,16,Grocery,0,0,78,3,41
142.41,14,Food,0,0,48,0,49
228.33,1,Travel,0,0,31,1,18
710.09,1,Electronics,0,0,52,0,53
55.56,18,Grocery,1,0,38,1,30
307.41,3,Travel,0,0,29,0,39
7.24,22,Clothing,0,0,60,2,18
62.25,18,Electronics,0,0,80,2,55
193.62,20,Clothing,0,0,71,0,62
607.79,15,Clothing,0,0,26,1,43
88.38,15,Clothing,0,0,36,2,56
71.93,10,Travel,0,0,32,2,22
83.13,17,Electronics,0,0,58,5,32
258.66,11,Food,0,0,31,4,42
124.35,5,Electronics,0,0,97,2,64
175.9,6,Electronics,0,1,30,7,44
538.51,0,Travel,0,1,73,0,42
150.97,9,Clothing,0,0,73,5,62
74.9,22,Clothing,0,0,62,3,50
108.68,5,Food,0,1,44,1,47
585.89,6,Clothing,0,0,53,2,46
132.14,0,Clothing,0,0,30,2,23
68.1,1,Clothing,1,0,68,3,36
235.35,9,Food,0,0,50,2,45
317.43,17,Travel,0,0,56,0,24
197.86,5,Clothing,1,0,56,3,45
834.14,21,Travel,0,0,85,1,67
183.58,2,Food,0,1,83,0,49
350.75,15,Grocery,0,0,54,4,66
70.83,2,Food,0,0,27,1,43
217.4,9,Food,0,0,64,0,57
127.48,1,Food,0,0,62,2,44
140.33,21,Grocery,0,0,43,2,56
218.54,15,Travel,0,0,90,0,63
99.24,8,Electronics,0,0,55,2,66
53.65,0,Clothing,0,1,82,3,65
97.97,5,Grocery,0,1,44,3,44
126.76,6,Food,0,0,84,2,44
13.72,22,Clothing,1,1,59,1,69
174.6,19,Grocery,1,0,58,4,54
551.55,0,Food,0,0,34,1,55
14.68,5,Food,0,0,46,2,23
154.95,8,Grocery,0,0,68,4,46
35.56,23,Travel,0,1,95,2,61
293.03,1,Clothing,0,0,81,4,61
12.64,10,Electronics,0,0,79,0,67
84.16,22,Travel,0,0,68,0,38
34.36,20,Clothing,0,0,41,6,67
331.1,0,Clothing,0,0,56,1,29
136.02,14,Electronics,0,0,95,3,55
7.31,13,Food,0,0,65,2,37
20.04,17,Electronics,0,0,48,4,44
40.96,21,Clothing,0,0,59,2,62
48.38,13,Electronics,0,0,74,1,22
460.94,9,Electronics,0,0,94,7,21
25.89,10,Food,0,0,25,2,61
74.79,21,Travel,0,0,88,2,37
473.35,9,Travel,0,0,76,0,69
243.73,6,Food,0,0,63,2,21
167.99,23,Travel,0,0,73,1,26
25.24,5,Grocery,1,0,59,2,26
202.67,12,Grocery,0,0,87,0,32
178.59,13,Clothing,0,0,64,3,49
56.99,1,Electronics,0,0,26,2,45
156.56,19,Grocery,0,0,43,1,54
311.97,13,Travel,0,0,92,4,41
39.26,13,Food,1,0,47,1,52
43.73,0,Grocery,1,0,52,0,44
74.32,15,Clothing,0,0,45,1,18
15.13,7,Grocery,0,0,75,3,49
35.58,2,Clothing,0,0,26,2,33
306.51,21,Clothing,1,0,91,4,30
200.93,10,Food,0,0,40,1,49
666.49,22,Grocery,0,0,70,1,48
119.95,13,Grocery,0,0,39,2,55
361.31,16,Grocery,0,0,69,2,67
143.72,13,Grocery,0,0,74,2,26
57.8,9,Food,0,0,26,1,26
70.04,12,Travel,0,0,91,2,60
68.27,9,Clothing,0,0,26,1,23
186.71,11,Grocery,0,0,58,1,31
42.32,10,Food,0,0,36,1,44
18.3,19,Travel,0,0,25,3,47
744.48,20,Grocery,0,0,92,1,52
79.24,10,Clothing,0,0,88,2,42
18.19,4,Food,0,0,76,1,29
154.22,16,Electronics,0,0,38,5,31
2.19,11,Grocery,0,0,83,4,20
22.98,16,Electronics,1,1,64,3,29
239.74,5,Grocery,0,1,53,2,54
106.41,21,Food,0,0,52,5,24
607.71,3,Clothing,0,1,25,1,43
180.67,10,Grocery,0,0,65,4,63
162.72,4,Grocery,0,0,89,2,68
251.5,20,Travel,0,0,43,2,49
268.09,1,Clothing,0,0,63,0,59
32.01,12,Food,0,0,76,3,32
283.73,20,Electronics,1,0,99,0,41
18.35,22,Electronics,0,0,50,4,23
542.61,23,Grocery,0,0,60,2,48
17.74,20,Travel,0,0,45,3,18
615.51,18,Clothing,0,0,88,4,64
145.08,20,Grocery,0,0,76,1,43
56.74,18,Travel,0,0,78,2,22
108.84,2,Electronics,0,1,61,2,62
188.53,12,Travel,0,0,59,0,49
61.87,13,Grocery,0,0,28,2,31
420.04,14,Travel,1,0,90,2,48
516.63,15,Grocery,0,1,99,2,56
58.8,9,Food,1,0,84,2,35
19.65,8,Grocery,0,0,57,6,35
192.93,11,Grocery,0,0,52,3,56
297.8,23,Electronics,0,0,42,2,25
260.18,9,Food,1,0,83,3,33
299.06,22,Grocery,0,0,78,1,36
158.84,0,Travel,0,0,97,2,52
272.93,1,Travel,0,0,44,1,55
169.85,6,Grocery,0,0,58,2,21
300.0,4,Grocery,0,0,88,5,63
41.08,16,Food,0,0,67,1,25
250.38,4,Electronics,0,0,79,1,25
470.89,8,Grocery,0,0,52,1,28
180.95,22,Clothing,0,1,49,2,32
148.94,17,Food,0,0,87,3,67
0.79,12,Travel,0,0,51,1,38
45.61,4,Electronics,0,0,30,3,59
154.83,20,Grocery,0,0,53,2,66
70.57,20,Clothing,1,0,79,0,20
556.75,18,Electronics,0,0,64,3,23
670.34,17,Grocery,0,0,54,2,68
106.7,2,Electronics,0,0,25,3,19
12.08,8,Food,0,0,71,1,46
242.83,5,Travel,0,0,34,3,63
268.9,12,Grocery,0,1,45,1,29
146.34,23,Clothing,1,0,98,1,42
7.04,3,Electronics,0,0,80,0,46
31.02,21,Clothing,0,0,95,3,66
162.01,13,Grocery,0,0,70,3,39
9.55,17,Travel,0,0,46,3,29
65.87,7,Food,0,0,60,0,47
18.64,22,Clothing,0,0,59,3,51
5.33,22,Grocery,0,0,47,0,45
4.43,7,Food,0,0,38,1,56
168.26,5,Grocery,1,0,78,3,55
78.93,12,Electronics,1,0,91,1,28
302.88,20,Travel,0,0,31,1,18
82.75,22,Clothing,0,0,30,1,19
200.98,10,Travel,0,0,56,4,68
219.55,12,Grocery,0,0,34,0,66
17.46,22,Grocery,0,0,92,1,34
93.65,18,Food,0,0,28,3,51
31.02,18,Travel,0,1,63,0,46
25.9,2,Grocery,0,0,26,3,26
287.48,11,Food,0,1,94,0,24
91.23,2,Grocery,0,0,33,2,36
90.91,11,Electronics,0,0,95,3,48
71.19,13,Travel,0,0,81,2,18
677.45,7,Electronics,0,0,96,1,51
122.35,17,Grocery,0,0,92,3,61
115.37,2,Clothing,0,0,79,1,27
7.33,22,Electronics,0,0,77,3,59
197.76,4,Travel,0,0,86,0,48
60.53,1,Travel,0,0,60,0,47
67.54,8,Grocery,0,0,74,2,56
75.08,17,Travel,0,0,87,4,36
362.82,4,Grocery,0,0,36,1,22
229.16,20,Electronics,0,0,49,0,69
493.46,23,Clothing,1,0,43,3,69
117.98,5,Electronics,1,0,89,0,45
64.82,0,Electronics,0,0,54,2,53
220.98,10,Clothing,0,0,65,1,54
35.87,20,Food,0,0,49,2,69
177.14,15,Food,0,1,77,4,22
220.04,4,Food,0,0,80,2,57
1.65,18,Electronics,0,1,25,0,22
34.96,14,Grocery,0,0,79,1,38
73.3,0,Grocery,0,0,70,0,59
311.3,11,Electronics,1,1,43,3,39
186.83,16,Grocery,1,0,28,0,38
48.21,22,Travel,0,0,80,2,32
60.61,15,Grocery,0,0,88,4,22
443.43,2,Clothing,0,0,67,3,62
55.65,9,Food,0,0,51,2,63
146.47,19,Travel,0,0,50,0,45
266.78,10,Food,0,0,63,2,29
460.34,22,Grocery,0,0,88,3,51
216.43,6,Clothing,0,0,75,3,37
184.96,19,Food,0,0,71,2,18
378.42,7,Electronics,0,0,45,0,53
15.32,15,Clothing,0,0,55,0,51
153.72,22,Clothing,0,0,96,3,64
499.66,4,Electronics,1,0,89,2,19
196.81,12,Food,0,0,45,1,31
83.35,0,Grocery,1,0,30,2,52
137.53,3,Clothing,0,0,94,2,46
165.34,22,Clothing,0,0,57,1,40
350.91,22,Food,0,0,99,4,37
56.85,20,Clothing,0,0,27,4,27
104.64,12,Grocery,0,0,26,3,51
69.68,19,Grocery,0,0,71,2,65
34.58,9,Electronics,0,0,78,1,49
157.58,13,Electronics,0,0,85,1,64
17.59,10,Food,0,0,31,1,34
20.65,2,Food,1,0,94,0,48
88.33,12,Travel,0,1,99,2,33
197.6,0,Food,0,0,37,4,39
14.89,23,Grocery,0,0,40,3,63
43.44,18,Electronics,0,0,65,1,55
34.4,3,Travel,0,0,89,3,32
24.74,17,Clothing,0,0,49,2,63
75.15,18,Electronics,0,0,98,2,69
315.66,8,Travel,0,0,49,2,64
121.82,9,Food,0,0,33,4,30
320.85,18,Electronics,0,0,50,2,32
442.33,22,Travel,1,0,38,1,31
279.72,19,Electronics,0,0,55,0,24
188.86,0,Grocery,0,0,29,1,47
785.57,11,Travel,1,0,74,1,66
248.79,19,Travel,0,0,41,2,44
1.64,17,Electronics,0,0,54,2,61
91.38,7,Grocery,1,0,67,1,49
89.7,18,Clothing,0,0,85,0,55
171.91,9,Travel,0,0,44,0,58
82.04,20,Grocery,0,1,93,1,57
47.37,18,Electronics,1,0,26,2,24
611.63,4,Travel,0,0,45,0,62
20.87,20,Clothing,0,0,82,3,34
18.12,20,Food,0,0,39,5,58
62.68,1,Clothing,0,0,60,2,58
35.65,16,Travel,0,0,56,2,34
86.16,19,Travel,0,0,54,1,62
103.1,9,Food,0,0,40,4,28
203.13,9,Electronics,1,0,73,2,63
337.39,19,Clothing,0,0,71,3,36
367.27,14,Food,0,0,84,2,24
316.36,11,Travel,0,0,25,3,29
147.63,18,Food,0,0,59,4,41
200.16,2,Grocery,0,0,53,1,43
38.77,15,Clothing,0,0,45,5,46
21.3,3,Clothing,0,0,91,2,68
121.84,15,Clothing,0,0,87,1,49
49.98,12,Travel,0,0,45,2,68
372.04,3,Clothing,0,0,26,1,43
745.27,11,Travel,0,0,86,3,66
96.99,23,Grocery,0,0,52,4,34
160.59,14,Grocery,0,0,96,0,39
326.93,17,Clothing,0,0,52,1,47
67.24,11,Food,0,0,67,2,41
531.25,17,Travel,0,0,75,1,56
134.06,9,Travel,0,0,41,4,63
334.67,18,Grocery,0,1,28,3,66
232.22,12,Clothing,0,1,44,1,52
105.38,14,Clothing,0,1,56,1,58
1004.26,23,Clothing,1,0,90,3,30
33.82,2,Grocery,0,0,82,1,21
304.66,20,Electronics,0,0,47,4,29
80.15,14,Electronics,0,1,38,4,23
226.68,3,Clothing,0,0,75,0,27
167.61,1,Travel,0,1,91,0,28
147.96,17,Food,0,0,65,5,28
98.87,19,Travel,0,0,37,1,29
40.54,14,Grocery,0,1,42,2,59
269.19,3,Grocery,0,0,27,1,47
295.8,22,Electronics,0,0,80,6,52
5.7,3,Clothing,0,0,81,4,64
432.34,7,Clothing,0,0,70,0,51
155.14,14,Food,0,0,56,0,48
35.97,20,Clothing,0,0,47,2,49
515.59,13,Travel,0,0,60,1,67
82.99,19,Electronics,0,0,30,4,39
49.84,23,Travel,0,0,72,2,18
157.49,18,Grocery,0,0,98,3,23
386.63,19,Travel,1,0,39,5,63
662.28,23,Clothing,1,0,29,3,35
217.9,18,Grocery,0,0,27,1,29
104.09,19,Electronics,0,0,85,1,65
300.71,12,Food,0,0,69,2,63
50.99,14,Food,1,0,48,1,59
401.74,5,Travel,0,0,37,3,41
768.26,22,Travel,0,0,83,2,58
71.75,16,Clothing,0,0,66,1,61
19.86,12,Clothing,1,0,26,3,66
227.38,12,Clothing,1,0,86,1,38
20.06,5,Clothing,0,1,32,3,61
101.75,9,Food,0,0,98,6,62
65.03,23,Travel,1,0,80,2,32
47.89,15,Food,0,0,90,3,58
99.34,10,Travel,0,0,79,0,43
116.48,13,Electronics,0,0,86,3,53
107.8,21,Electronics,0,0,46,1,60
270.95,21,Food,0,0,88,1,59
274.51,2,Electronics,0,0,61,5,21
108.22,16,Travel,0,0,85,2,38
241.06,4,Travel,0,1,85,2,55
216.3,4,Electronics,0,0,43,2,61
33.0,18,Food,0,0,81,0,44
372.97,22,Clothing,0,0,25,1,60
257.45,15,Clothing,0,0,94,1,24
427.5,2,Grocery,0,0,88,2,67
34.39,7,Travel,0,0,94,2,46
195.08,12,Travel,0,1,71,3,62
113.16,6,Clothing,0,0,43,2,49
43.51,16,Travel,0,0,73,3,35
525.63,8,Food,0,1,25,4,52
72.51,17,Grocery,0,0,52,2,29
4.81,1,Clothing,0,0,85,0,35
17.96,18,Electronics,0,0,49,1,43
67.78,23,Food,0,0,43,2,32
332.76,16,Electronics,0,0,76,1,41
16.87,14,Electronics,0,0,79,0,69
48.75,12,Electronics,0,0,53,1,26
115.45,8,Grocery,0,0,39,5,43
11.62,22,Grocery,0,0,75,1,46
268.22,15,Food,0,0,72,1,18
24.97,23,Food,0,0,63,0,44
155.64,18,Grocery,0,0,74,3,58
56.4,20,Food,0,0,33,3,35
24.27,11,Clothing,0,0,90,1,43
108.19,21,Clothing,0,1,43,3,60
22.17,1,Electronics,0,0,92,1,32
127.28,1,Grocery,1,0,63,0,38
81.49,16,Clothing,0,0,48,0,43
100.39,8,Grocery,0,0,61,2,32
91.66,8,Food,0,0,88,1,28
52.6,19,Grocery,0,0,56,4,55
42.66,21,Food,0,0,26,2,31
11.82,2,Travel,0,0,29,1,21
129.02,8,Food,1,0,43,2,46
200.42,21,Food,0,1,93,1,53
16.21,3,Electronics,0,0,44,3,64
39.48,8,Food,0,0,67,2,61
351.78,12,Travel,1,0,61,3,18
96.76,9,Food,0,0,65,0,26
10.49,20,Grocery,0,0,60,2,42
50.67,23,Food,0,0,39,1,65
66.67,13,Electronics,0,0,86,3,67
8.35,14,Grocery,0,0,46,0,28
62.78,18,Clothing,0,0,49,0,43
59.39,14,Clothing,0,0,76,1,25
54.21,11,Food,0,0,26,3,69
205.16,19,Grocery,0,0,56,2,58
384.56,6,Travel,0,0,32,1,26
205.12,2,Travel,0,0,26,5,45
16.82,13,Clothing,0,0,33,1,53
200.51,16,Travel,0,1,40,3,34
107.09,8,Electronics,0,1,83,4,58
1.33,11,Grocery,0,0,70,1,40
122.39,20,Clothing,0,0,66,1,29
109.61,23,Food,0,0,99,2,35
234.87,7,Electronics,0,0,33,3,18
46.23,11,Grocery,1,0,34,3,58
56.35,19,Grocery,0,0,97,2,39
107.7,22,Electronics,0,0,95,5,39
156.85,9,Grocery,0,0,59,2,34
140.42,1,Travel,0,0,43,2,46
12.64,4,Electronics,0,0,29,2,36
24.35,16,Food,0,0,66,4,22
350.79,23,Electronics,0,0,51,2,41
79.02,0,Clothing,0,0,39,2,21
488.38,21,Clothing,0,0,67,2,63
41.29,12,Grocery,0,0,60,0,52
88.03,18,Clothing,0,0,51,1,22
75.62,3,Grocery,0,0,88,1,26
232.0,14,Clothing,0,0,39,1,40
740.75,1,Food,0,0,73,3,25
32.79,6,Electronics,0,0,35,1,44
98.58,16,Grocery,0,0,34,0,18
180.52,8,Clothing,0,0,54,2,68
53.7,1,Electronics,0,0,26,3,23
429.16,5,Travel,0,0,73,2,46
809.75,8,Travel,0,0,87,1,35
135.69,5,Food,0,0,76,0,69
78.87,5,Clothing,0,0,78,2,34
128.97,21,Electronics,0,0,98,1,25
35.4,5,Travel,1,0,39,2,33
23.43,12,Travel,0,0,54,1,60
71.73,0,Clothing,0,0,31,2,68
97.65,1,Clothing,0,0,63,3,45
23.27,22,Food,0,0,88,0,52
214.94,3,Electronics,0,0,75,2,30
82.25,9,Clothing,0,1,84,3,56
416.75,4,Grocery,0,0,56,1,45
27.92,23,Electronics,0,0,80,2,21
138.44,6,Grocery,1,0,93,1,34
129.28,6,Grocery,0,0,48,4,24
200.39,9,Grocery,0,0,84,4,55
318.68,3,Clothing,0,0,44,2,60
88.8,7,Clothing,0,0,77,3,47
62.64,7,Food,0,0,72,5,24
5.08,11,Travel,0,0,40,0,63
30.64,4,Clothing,1,0,43,4,20
87.18,16,Food,0,0,54,1,19
86.02,5,Grocery,0,0,26,3,40
39.36,14,Electronics,0,0,25,3,65
65.82,22,Grocery,0,0,97,2,36
12.99,21,Clothing,0,0,29,3,66
180.69,14,Clothing,0,1,75,2,64
728.02,13,Grocery,0,0,98,0,54
293.63,18,Clothing,1,1,62,1,36
145.71,17,Electronics,1,0,50,1,31
512.22,18,Electronics,0,0,75,3,30
23.29,10,Food,0,0,30,1,20
252.85,5,Food,1,0,53,0,60
115.72,6,Electronics,0,0,28,1,24
337.88,3,Clothing,0,0,91,1,48
642.61,0,Grocery,0,0,64,0,20
97.72,15,Travel,0,0,91,1,40
385.35,6,Grocery,0,0,89,3,29
113.4,5,Grocery,0,0,72,4,65
274.04,21,Grocery,0,1,73,2,47
309.92,16,Food,0,0,48,0,28
34.14,7,Grocery,0,0,96,2,44
229.4,5,Grocery,1,0,36,3,25
16.66,9,Food,0,0,86,2,55
107.54,22,Travel,0,0,33,1,56
44.06,2,Clothing,0,0,38,0,66
278.66,19,Clothing,1,0,76,0,54
112.45,12,Clothing,1,0,93,2,68
24.63,17,Grocery,0,0,54,0,49
118.37,2,Grocery,1,0,60,5,57
60.7,3,Clothing,0,0,83,3,66
426.28,5,Electronics,0,0,47,4,34
154.95,9,Grocery,0,0,30,2,55
111.14,4,Clothing,0,0,38,1,26
131.09,19,Clothing,0,0,46,3,35
484.2,11,Food,0,0,67,2,26
485.06,4,Food,0,0,63,2,58
333.76,12,Food,0,0,41,3,41
264.88,9,Food,1,0,38,0,46
168.72,15,Food,0,0,86,1,29
243.61,20,Travel,0,0,82,4,25
78.77,21,Food,0,0,57,1,34
2.15,13,Grocery,0,0,70,0,43
111.73,16,Electronics,0,0,25,1,38
41.98,12,Clothing,0,0,30,1,55
299.22,11,Electronics,0,1,25,0,53
127.87,17,Travel,0,0,43,1,65
384.24,20,Clothing,0,0,98,1,67
65.31,15,Food,0,0,56,0,57
156.14,8,Electronics,1,1,41,4,55
66.39,17,Travel,0,0,62,2,28
144.55,19,Clothing,0,0,80,3,65
219.18,13,Grocery,0,0,28,2,34
361.91,15,Food,0,0,62,2,24
67.95,8,Food,0,0,27,3,45
24.66,8,Food,0,0,31,3,68
39.38,9,Travel,1,0,35,2,44
236.26,23,Electronics,0,0,28,3,49
112.99,12,Grocery,0,0,61,0,61
113.35,4,Food,0,0,65,2,40
450.61,3,Food,0,0,52,2,34
254.13,11,Travel,0,1,87,2,63
15.04,3,Electronics,0,0,36,3,29
284.32,23,Grocery,0,0,50,3,23
536.06,10,Food,0,0,28,2,49
13.86,20,Grocery,0,0,87,5,26
1.8,15,Clothing,0,0,92,3,21
49.01,5,Grocery,0,0,72,2,27
178.45,10,Grocery,0,0,58,0,64
196.04,18,Grocery,0,0,54,6,45
12.58,15,Grocery,0,0,44,0,49
288.61,1,Electronics,0,0,91,1,21
34.52,16,Grocery,0,0,94,4,38
173.77,19,Clothing,0,0,60,1,68
176.86,18,Clothing,0,0,75,0,69
606.12,13,Food,0,0,86,2,19
84.56,5,Clothing,0,0,86,3,31
33.57,15,Food,0,0,97,2,35
88.43,17,Electronics,0,0,75,0,53
3.64,7,Electronics,0,0,48,3,19
244.0,9,Electronics,0,0,50,3,25
54.15,2,Electronics,0,0,54,3,35
105.59,15,Electronics,0,0,49,2,18
620.65,12,Electronics,0,0,80,2,41
316.34,14,Travel,0,0,94,2,57
29.92,9,Travel,0,0,70,1,67
146.44,0,Food,0,1,79,2,50
234.66,9,Food,0,0,36,0,46
87.06,12,Clothing,0,0,93,3,18
497.13,17,Clothing,0,0,77,4,24
11.57,10,Electronics,0,0,97,0,59
158.56,20,Travel,0,0,54,0,58
56.23,1,Travel,0,0,67,3,34
3.48,9,Grocery,0,0,83,3,52
26.24,17,Clothing,0,0,58,4,33
11.92,3,Clothing,0,0,56,3,62
78.37,15,Grocery,0,1,32,1,42
140.27,15,Clothing,0,0,58,2,66
77.74,13,Food,0,0,70,1,32
85.27,14,Food,0,0,49,3,36
68.08,17,Travel,0,1,85,1,43
216.54,6,Clothing,0,0,27,4,28
25.61,9,Travel,0,0,90,2,28
132.81,3,Grocery,0,0,62,3,45
52.22,8,Travel,0,1,77,2,53
63.93,16,Grocery,0,0,31,2,53
112.25,1,Food,0,0,62,4,30
291.26,18,Travel,0,0,83,0,62
19.09,19,Grocery,0,0,62,3,64
16.66,20,Clothing,0,0,94,3,44
180.69,7,Grocery,0,0,26,0,22
56.52,23,Food,0,0,81,4,18
193.63,17,Food,0,0,29,4,24
263.56,7,Electronics,1,0,39,3,49
534.63,9,Travel,0,0,81,1,40
101.84,12,Food,0,0,51,2,47
146.48,11,Food,0,0,55,2,20
79.37,8,Grocery,0,1,64,3,21
276.18,8,Food,0,0,93,4,66
362.02,13,Electronics,0,0,68,1,40
40.38,19,Food,0,0,85,0,34
52.55,8,Grocery,0,0,42,2,25
40.17,23,Food,0,0,86,1,56
205.24,13,Travel,0,0,95,4,46
102.21,15,Food,0,0,89,1,23
118.74,20,Electronics,0,0,92,1,69
418.55,6,Grocery,0,0,45,2,69
175.47,19,Travel,0,0,29,5,40
377.7,7,Travel,1,0,81,2,62
586.8,18,Food,0,0,50,1,21
188.11,18,Travel,0,0,27,2,37
167.84,9,Electronics,0,0,96,1,63
148.43,8,Grocery,0,0,78,1,45
295.84,11,Electronics,0,1,69,4,39
142.51,7,Travel,0,0,74,2,44
177.15,10,Electronics,0,0,95,4,32
512.7,6,Food,0,0,39,3,26
31.53,12,Clothing,0,0,96,1,28
391.17,23,Travel,0,0,62,0,20
44.43,3,Clothing,0,0,52,3,26
288.4,10,Grocery,0,0,75,3,42
224.18,6,Travel,0,0,29,0,26
175.38,22,Food,0,0,68,2,30
123.98,2,Food,0,0,43,1,56
51.0,6,Clothing,0,0,55,3,33
223.08,21,Clothing,0,0,85,2,63
31.7,0,Food,0,0,62,1,53
107.63,13,Food,1,0,59,4,63
311.58,21,Travel,1,0,66,0,60
189.7,23,Travel,0,0,90,1,27
90.33,7,Travel,0,0,87,2,25
1285.21,10,Electronics,0,0,63,2,54
195.16,16,Clothing,0,1,90,2,40
514.42,12,Electronics,0,0,52,3,28
64.5,4,Travel,0,0,35,1,32
112.83,11,Electronics,0,0,74,2,66
55.45,2,Electronics,0,0,93,3,65
768.38,5,Travel,0,0,93,4,31
645.08,23,Travel,0,0,86,1,64
26.26,2,Grocery,0,0,73,2,53
67.24,12,Electronics,0,0,31,3,38
537.51,14,Clothing,1,0,29,2,65
120.67,5,Electronics,0,0,40,1,41
39.96,12,Food,0,0,35,1,51
593.99,4,Electronics,0,1,47,2,53
210.75,4,Travel,0,0,41,1,22
231.42,5,Travel,0,1,66,2,58
67.76,9,Grocery,0,0,30,2,44
200.53,16,Grocery,0,0,42,0,33
22.27,3,Grocery,0,1,67,2,47
383.53,4,Electronics,0,1,55,1,34
401.55,4,Electronics,0,0,81,2,58
31.98,22,Electronics,1,0,55,2,64
95.13,15,Electronics,0,0,85,2,66
194.02,14,Travel,0,0,33,2,46
236.74,18,Electronics,1,0,52,3,42
239.67,1,Food,0,0,42,0,69
413.7,4,Electronics,0,0,93,1,59
71.8,9,Food,0,0,33,2,40
99.56,14,Food,0,0,49,2,29
162.11,3,Grocery,0,0,79,3,30
220.72,17,Grocery,1,0,42,5,68
46.04,19,Food,0,0,92,2,68
9.31,9,Grocery,0,0,67,2,41
97.68,1,Travel,0,0,42,2,18
171.58,6,Electronics,0,0,36,2,64
169.64,21,Grocery,0,1,27,2,68
50.23,16,Grocery,0,0,66,1,32
24.17,2,Food,0,0,45,1,53
194.86,8,Travel,0,0,57,2,32
3.65,3,Electronics,0,0,87,1,51
218.02,2,Clothing,0,0,96,1,29
203.39,23,Travel,0,0,42,1,35
220.58,23,Clothing,0,0,84,4,33
739.03,22,Travel,0,0,76,1,30
21.22,10,Clothing,1,0,50,6,36
13.49,22,Food,0,0,25,1,58
17.16,22,Food,1,0,43,2,55
232.32,8,Food,0,0,42,1,36
19.47,1,Clothing,0,0,39,1,56
352.39,6,Food,0,0,93,1,65
96.75,5,Electronics,0,0,51,0,58
85.14,23,Travel,0,0,71,1,23
294.65,5,Grocery,0,0,55,1,26
110.21,11,Travel,0,1,48,3,57
332.17,22,Clothing,0,0,39,2,49
202.76,18,Electronics,0,0,68,2,37
485.78,9,Clothing,0,1,98,1,24
13.16,1,Clothing,1,0,58,2,46
294.23,17,Clothing,0,0,37,1,34
380.12,15,Grocery,0,0,62,3,37
42.35,11,Clothing,0,0,80,5,35
176.65,16,Travel,0,0,46,3,62
508.34,16,Grocery,0,0,50,1,69
244.7,12,Clothing,0,1,64,0,69
13.54,17,Travel,1,0,30,0,24
106.22,21,Grocery,0,0,70,3,30
63.31,23,Clothing,0,0,29,3,59
147.73,3,Electronics,0,0,71,1,52
37.17,15,Food,0,0,66,1,31
439.96,13,Food,0,0,92,4,45
42.36,8,Electronics,1,0,95,4,47
137.29,10,Electronics,0,0,95,1,53
53.49,7,Electronics,1,0,77,0,64
83.88,6,Grocery,0,0,68,2,35
236.93,1,Clothing,0,0,60,2,54
73.08,20,Grocery,0,0,84,4,19
314.7,13,Food,0,0,58,3,45
10.57,16,Clothing,1,0,65,1,56
45.93,10,Clothing,0,0,81,3,18
13.35,16,Grocery,0,1,58,3,64
65.3,21,Food,0,0,35,1,25
39.2,1,Travel,0,0,73,2,54
503.64,9,Electronics,1,0,51,1,37
503.76,21,Food,0,0,84,4,28
59.75,7,Food,0,0,29,1,41
579.02,2,Travel,0,0,97,3,28
419.75,6,Grocery,0,0,67,0,37
100.02,23,Food,0,0,88,1,42
276.84,20,Grocery,0,0,62,3,42
115.05,17,Travel,0,0,37,9,29
16.31,23,Food,0,0,38,1,50
72.9,0,Clothing,0,0,46,2,22
90.92,12,Grocery,0,1,27,1,50
243.01,16,Clothing,0,0,40,3,26
42.44,18,Clothing,0,0,42,2,23
488.15,1,Food,0,0,28,0,21
158.68,12,Electronics,1,0,88,0,30
52.31,22,Food,0,0,62,6,26
547.57,22,Food,0,0,99,1,59
272.85,19,Food,0,0,58,1,59
220.1,21,Food,0,1,31,2,48
164.14,21,Grocery,0,0,59,3,28
296.36,13,Travel,0,0,76,2,32
313.07,20,Travel,0,0,60,2,23
586.94,23,Grocery,1,0,55,1,59
129.27,14,Travel,0,0,56,2,58
422.03,7,Grocery,0,0,50,2,33
116.35,20,Clothing,0,0,65,0,68
262.03,23,Food,0,0,35,3,20
14.87,14,Grocery,0,0,82,4,29
38.22,14,Food,0,1,61,0,47
531.09,11,Grocery,0,0,48,3,47
265.26,9,Food,0,0,96,0,49
30.25,19,Clothing,1,0,45,4,24
358.99,7,Travel,0,0,39,2,49
153.39,3,Grocery,1,0,81,2,19
109.99,12,Travel,0,0,76,1,42
36.48,19,Food,0,0,77,2,44
201.67,18,Food,0,0,53,3,48
311.69,2,Clothing,0,0,47,4,22
3.28,4,Clothing,1,0,52,4,37
356.97,10,Grocery,0,0,65,1,38
6.35,1,Travel,0,0,41,2,25
158.82,15,Travel,0,0,75,2,43
189.47,12,Clothing,0,0,54,0,26
0.2,5,Food,0,0,25,3,25
42.41,22,Clothing,0,0,99,3,46
13.89,21,Grocery,1,0,71,2,20
393.21,20,Electronics,0,0,46,2,44
212.69,15,Travel,0,0,94,1,34
81.17,17,Clothing,0,0,91,1,22
583.59,14,Clothing,0,0,99,1,51
13.95,3,Electronics,0,0,59,1,39
129.87,8,Grocery,0,0,61,2,64
66.25,3,Food,0,0,67,3,54
26.21,14,Travel,0,0,48,0,58
68.43,16,Travel,0,0,26,0,40
9.48,17,Travel,0,0,45,1,31
172.59,8,Grocery,0,0,37,4,38
199.16,2,Clothing,0,0,32,2,35
12.76,20,Grocery,0,0,50,2,32
119.53,11,Electronics,0,0,95,2,58
92.91,15,Clothing,0,1,47,1,61
50.22,13,Grocery,0,0,69,1,57
224.7,7,Food,0,0,56,2,57
8.61,23,Travel,0,0,61,1,45
65.03,12,Electronics,0,0,48,2,64
563.15,11,Travel,0,0,25,5,47
113.05,19,Travel,0,0,38,2,29
586.51,5,Grocery,0,0,38,3,28
11.05,3,Clothing,1,0,57,3,56
438.47,0,Grocery,0,0,39,2,54
136.42,7,Clothing,0,1,72,1,33
20.1,20,Clothing,0,0,28,3,59
398.95,20,Travel,0,0,81,0,42
84.86,2,Food,1,0,85,2,61
280.64,22,Travel,0,0,56,3,23
94.3,20,Electronics,0,1,30,0,32
143.94,0,Clothing,0,0,42,3,28
153.59,19,Grocery,0,0,95,1,52
12.21,23,Grocery,0,1,44,5,31
860.19,5,Grocery,0,0,98,1,38
120.83,6,Grocery,0,1,78,5,53
76.21,6,Travel,0,0,50,2,48
325.84,23,Electronics,0,0,87,1,39
36.3,1,Food,0,0,46,2,19
38.03,21,Electronics,0,0,53,0,20
448.76,14,Food,0,0,69,1,68
173.38,7,Electronics,0,0,78,1,61
358.52,18,Clothing,0,0,48,2,45
134.98,7,Travel,0,0,90,1,66
21.09,3,Grocery,1,0,73,3,21
432.32,8,Travel,0,0,33,0,66
232.55,18,Electronics,1,0,45,3,56
387.42,9,Grocery,0,0,62,1,40
59.32,23,Clothing,0,0,71,3,19
119.54,3,Electronics,0,0,43,0,69
424.42,22,Electronics,0,0,57,1,22
193.41,15,Food,1,0,62,1,46
3.46,12,Electronics,0,0,60,0,64
229.31,13,Electronics,0,0,25,2,24
85.77,12,Food,0,1,90,2,41
299.5,2,Food,0,0,61,4,63
22.5,2,Food,0,0,58,1,61
682.62,2,Grocery,0,0,33,4,25
44.43,13,Clothing,0,0,55,0,61
119.45,17,Travel,0,0,51,5,26
32.52,3,Electronics,0,0,39,3,64
243.86,16,Grocery,0,0,36,2,36
160.45,5,Grocery,0,0,92,4,37
49.76,0,Travel,0,0,88,2,53
56.88,13,Grocery,0,0,80,2,30
312.6,14,Clothing,0,0,58,2,29
36.62,1,Food,0,0,84,4,19
152.03,13,Clothing,0,0,68,1,32
457.94,13,Food,0,0,97,1,19
9.09,10,Food,0,0,81,2,61
88.74,13,Clothing,0,0,31,3,38
167.54,2,Grocery,0,0,63,1,30
575.06,2,Food,0,0,74,2,24
140.05,10,Food,0,0,44,1,37
222.14,10,Grocery,0,0,79,1,25
397.94,1,Clothing,0,0,33,2,40
21.94,0,Grocery,0,0,31,2,36
142.41,7,Electronics,0,0,58,3,65
73.03,16,Electronics,0,0,38,6,51
278.13,8,Clothing,0,0,25,3,33
93.45,6,Food,0,0,45,4,27
83.04,22,Food,0,0,97,2,64
49.13,2,Grocery,0,0,82,0,40
195.45,1,Clothing,0,0,53,1,28
114.66,20,Travel,0,0,64,2,51
14.14,9,Travel,0,0,59,1,36
9.27,2,Food,0,0,41,2,52
182.11,2,Clothing,0,0,66,3,34
29.12,9,Food,0,1,33,2,20
47.27,7,Electronics,0,0,42,3,68
43.88,11,Clothing,1,0,74,3,43
240.7,18,Grocery,1,0,96,4,50
435.47,6,Food,0,0,90,4,48
214.74,17,Grocery,0,0,29,2,39
293.3,20,Food,0,0,71,2,18
57.84,12,Clothing,0,1,82,1,58
235.83,0,Clothing,0,0,84,4,45
228.65,2,Travel,0,0,52,2,21
184.77,0,Clothing,0,0,61,0,62
133.91,3,Clothing,0,0,71,2,25
86.95,20,Food,0,0,60,2,62
65.57,4,Grocery,0,0,99,2,49
27.0,17,Grocery,0,0,55,3,20
565.21,16,Travel,0,0,39,1,44
494.78,3,Food,0,0,52,1,35
258.49,8,Grocery,0,0,52,3,28
126.96,10,Grocery,0,0,98,2,21
331.69,20,Electronics,0,0,91,2,23
14.17,8,Food,0,0,66,2,29
37.69,17,Clothing,1,0,82,0,50
64.04,4,Clothing,0,0,46,2,67
183.01,3,Travel,1,0,49,1,60
36.12,22,Grocery,1,0,49,1,36
5.68,12,Clothing,0,0,48,1,51
149.18,18,Clothing,0,0,67,4,38
108.92,0,Clothing,0,0,31,7,46
14.93,7,Clothing,0,0,86,1,45
126.81,13,Clothing,0,0,56,1,30
83.09,2,Food,0,0,76,7,51
182.62,12,Food,0,0,81,0,54
105.58,22,Clothing,0,0,69,1,62
79.23,17,Travel,0,1,97,2,44
132.82,15,Travel,0,0,71,1,42
438.67,19,Clothing,0,1,94,3,58
94.75,2,Electronics,0,0,42,1,49
32.74,21,Clothing,0,0,91,3,54
131.58,5,Clothing,0,1,74,0,31
24.42,21,Travel,0,0,72,0,68
14.11,16,Food,0,0,95,4,27
281.35,13,Clothing,0,0,35,3,67
167.23,8,Food,0,0,70,1,52
527.84,2,Food,1,0,30,0,51
227.57,13,Clothing,0,1,69,1,49
15.77,12,Electronics,0,0,53,3,69
9.45,14,Clothing,0,0,67,4,53
27.33,16,Electronics,0,0,61,1,67
28.05,0,Travel,0,0,68,2,19
356.29,19,Clothing,0,0,76,5,36
558.66,16,Travel,0,0,98,1,58
206.93,10,Clothing,0,0,84,1,64
68.9,5,Food,0,0,51,3,22
204.05,1,Grocery,0,0,81,2,53
70.78,18,Clothing,0,0,67,1,40
162.75,19,Food,0,0,67,1,44
438.0,13,Electronics,0,0,74,2,33
11.31,6,Electronics,0,0,41,1,29
4.48,0,Grocery,1,0,76,1,20
163.15,19,Grocery,0,0,27,2,27
23.96,22,Food,0,0,28,2,19
2.36,11,Electronics,1,0,69,6,44
474.05,8,Electronics,0,0,66,1,55
151.58,18,Travel,0,0,83,4,32
206.61,19,Food,0,0,27,1,58
92.01,3,Food,0,0,42,1,66
527.92,3,Food,0,0,87,1,25
53.9,16,Grocery,0,0,94,2,34
122.75,23,Food,0,1,59,1,52
5.03,9,Food,0,0,91,2,21
38.21,14,Clothing,0,0,25,2,27
106.53,5,Travel,0,0,51,0,60
102.32,2,Travel,0,0,82,4,54
762.35,2,Travel,0,0,57,2,45
123.78,8,Grocery,0,0,69,1,69
169.03,10,Grocery,0,0,33,1,30
2.54,17,Food,0,0,89,2,36
159.61,15,Travel,0,0,41,1,35
166.74,20,Food,0,0,90,1,35
219.47,1,Clothing,0,1,45,2,67
47.73,15,Clothing,0,0,28,1,53
62.21,0,Food,0,1,30,0,58
347.02,20,Travel,1,0,78,0,38
154.62,16,Travel,0,0,98,4,53
39.76,14,Clothing,0,0,72,1,58
4.85,22,Electronics,0,0,88,0,35
210.39,21,Clothing,0,0,76,0,69
263.7,4,Electronics,0,0,97,3,49
541.15,13,Travel,0,0,29,3,44
82.89,12,Electronics,0,0,99,5,37
19.79,11,Clothing,0,0,69,3,28
235.85,20,Grocery,0,0,33,0,39
43.47,1,Grocery,0,1,55,2,50
110.63,18,Food,0,1,79,4,41
79.1,0,Electronics,0,0,66,4,28
1225.04,21,Electronics,0,0,85,1,21
21.56,5,Electronics,0,0,72,3,64
292.54,14,Grocery,0,0,52,2,24
209.33,0,Clothing,0,0,52,3,18
19.01,19,Electronics,0,0,49,1,20
7.55,8,Grocery,0,0,47,0,44
30.57,23,Travel,0,0,26,1,22
107.73,12,Travel,1,0,87,2,42
60.71,0,Clothing,0,0,75,5,26
50.15,15,Grocery,0,0,36,1,47
15.39,4,Clothing,0,0,99,2,30
378.72,6,Travel,0,0,29,3,52
294.17,8,Food,0,0,34,4,18
90.05,20,Electronics,0,0,94,1,57
39.01,13,Clothing,0,0,76,2,52
142.33,13,Travel,0,0,49,1,29
82.39,13,Electronics,0,0,39,0,27
153.08,14,Grocery,0,0,50,0,64
164.47,12,Clothing,0,0,67,0,28
372.26,12,Grocery,0,0,32,3,62
73.06,5,Travel,0,0,92,5,35
478.47,13,Clothing,0,0,75,1,64
383.31,9,Clothing,0,0,61,1,26
51.87,15,Travel,0,0,46,0,39
406.58,21,Electronics,0,0,90,3,25
179.34,20,Travel,0,0,33,0,22
55.46,22,Clothing,0,0,91,5,60
28.49,12,Clothing,1,0,51,0,30
308.34,16,Travel,0,0,67,2,50
241.5,13,Electronics,0,0,73,2,29
254.05,10,Grocery,0,0,98,0,21
299.62,3,Electronics,0,1,87,2,30
14.43,18,Grocery,0,0,91,2,55
675.06,20,Clothing,0,0,89,1,58
110.37,15,Travel,0,0,37,1,54
63.13,6,Travel,0,0,73,3,66
66.65,9,Electronics,0,0,48,3,55
378.84,23,Grocery,0,0,76,2,53
9.07,19,Electronics,0,0,54,0,29
479.69,3,Travel,0,0,88,3,26
512.49,11,Electronics,0,1,99,3,27
61.66,5,Grocery,0,0,97,1,46
152.65,19,Food,1,0,38,3,52
27.03,15,Electronics,1,0,52,3,33
549.66,7,Food,0,0,54,1,61
22.07,21,Food,0,0,90,0,47
62.37,4,Food,0,0,73,2,62
48.71,2,Electronics,0,0,43,3,40
107.74,12,Travel,1,0,26,2,39
452.86,7,Food,0,0,43,0,38
114.39,23,Electronics,0,0,27,2,54
630.74,9,Grocery,0,0,54,4,56
270.9,20,Grocery,0,0,78,4,65
15.82,23,Travel,0,0,43,2,39
37.21,14,Grocery,0,0,92,1,32
339.6,20,Travel,0,0,28,0,58
541.38,19,Food,0,1,91,2,58
291.87,17,Travel,0,0,98,1,53
96.9,12,Clothing,0,0,94,3,32
47.03,13,Electronics,0,0,46,1,38
125.88,12,Food,0,0,97,0,52
90.85,7,Grocery,0,1,89,1,45
117.77,11,Food,0,0,71,3,38
199.98,7,Travel,0,0,29,1,43
156.35,0,Electronics,0,0,25,1,24
3.01,20,Electronics,1,0,62,2,51
18.88,8,Food,0,0,90,0,21
116.19,4,Grocery,1,0,51,1,51
20.37,14,Food,0,0,38,1,39
140.57,8,Food,0,0,91,3,19
130.5,18,Travel,0,0,65,1,52
40.09,23,Travel,0,0,85,1,47
356.05,9,Electronics,0,0,94,2,28
81.36,7,Clothing,1,0,51,4,55
79.54,0,Clothing,0,0,71,2,37
483.74,8,Travel,0,0,50,4,68
163.95,2,Travel,0,0,90,3,67
122.69,20,Electronics,0,1,26,2,32
12.55,9,Clothing,0,0,81,4,27
309.51,22,Electronics,0,0,49,1,63
15.19,2,Grocery,0,0,83,5,59
12.88,6,Travel,1,0,41,2,31
257.0,17,Clothing,0,1,89,2,54
186.88,5,Clothing,0,1,57,0,62
43.74,16,Food,0,0,78,3,21
11.37,11,Travel,0,0,77,1,31
74.51,6,Grocery,0,0,95,1,30
55.33,13,Travel,0,0,45,4,45
754.26,20,Electronics,0,0,51,3,63
217.24,15,Food,0,0,73,2,19
246.77,5,Electronics,0,0,53,0,51
378.63,19,Food,0,0,65,3,27
267.65,14,Electronics,0,1,68,4,57
114.68,7,Food,0,0,74,2,25
377.38,20,Food,0,0,34,1,45
116.52,12,Clothing,0,0,29,1,32
312.71,1,Grocery,0,0,64,3,68
0.96,17,Clothing,0,0,57,1,52
154.17,17,Travel,0,1,57,1,32
41.71,2,Clothing,0,0,88,3,21
76.94,20,Food,0,0,55,1,48
353.64,19,Grocery,0,0,72,3,64
131.09,1,Grocery,0,0,68,1,22
206.52,14,Clothing,0,0,49,0,27
21.66,9,Grocery,0,0,46,2,38
48.97,0,Electronics,0,0,83,0,20
373.3,18,Food,0,0,49,1,67
381.52,3,Clothing,0,0,74,1,69
105.35,20,Food,0,1,52,0,65
219.09,6,Electronics,0,0,50,2,21
77.46,7,Travel,0,0,65,4,41
127.85,8,Electronics,0,1,83,1,66
28.68,13,Clothing,1,0,71,2,36
607.44,10,Travel,0,0,25,3,55
65.61,13,Clothing,0,0,79,0,46
4.55,20,Electronics,0,0,42,1,49
148.05,2,Grocery,0,0,66,2,38
107.55,15,Electronics,0,0,72,2,29
5.6,13,Clothing,0,0,70,4,19
26.99,0,Clothing,0,0,73,2,69
114.72,19,Food,0,0,32,1,43
290.02,14,Electronics,0,0,37,2,23
210.02,13,Clothing,0,0,95,0,44
432.61,16,Electronics,0,0,38,3,19
16.7,21,Electronics,0,0,37,5,26
104.28,6,Electronics,0,0,71,2,52
298.62,7,Travel,0,0,26,1,35
546.81,5,Grocery,1,1,53,2,45
300.33,0,Food,0,0,69,1,50
74.53,1,Travel,0,0,80,3,27
53.86,0,Clothing,0,0,54,1,64
108.37,16,Grocery,0,0,99,2,49
414.51,11,Electronics,1,0,46,2,41
102.35,23,Clothing,0,0,25,2,20
666.98,15,Travel,0,0,48,4,64
12.82,7,Grocery,0,0,99,1,69
202.97,12,Grocery,0,0,36,2,65
65.22,2,Travel,0,1,56,1,49
298.01,4,Clothing,0,0,43,2,18
117.42,4,Electronics,0,1,89,4,18
12.23,2,Food,1,0,28,3,66
187.55,6,Travel,0,0,63,1,31
3.48,18,Clothing,0,0,30,1,33
436.13,16,Grocery,0,0,59,7,64
51.43,21,Clothing,0,1,66,1,53
732.86,7,Grocery,0,1,98,1,62
5.83,19,Electronics,0,0,82,0,49
15.29,16,Electronics,1,0,74,1,39
174.56,23,Clothing,0,0,52,1,52
14.38,10,Grocery,0,0,31,0,33
165.78,21,Travel,0,0,32,0,25
97.48,9,Clothing,0,0,82,2,33
969.55,4,Clothing,0,0,96,3,43
30.62,19,Grocery,0,0,62,1,32
61.95,3,Electronics,0,1,30,4,41
330.89,20,Electronics,0,0,83,0,57
64.37,4,Food,0,0,69,4,37
41.6,11,Grocery,0,0,97,4,40
168.15,20,Electronics,0,0,29,2,23
62.9,21,Electronics,0,0,84,0,31
131.5,22,Grocery,1,0,49,3,51
21.18,10,Travel,0,0,51,4,51
263.89,18,Food,0,0,52,1,36
368.04,15,Electronics,0,0,45,4,43
11.27,23,Food,0,0,52,3,28
63.57,17,Travel,0,1,39,2,46
595.78,13,Electronics,0,0,32,3,49
189.06,14,Food,0,1,63,1,19
120.99,2,Grocery,0,0,56,4,63
191.3,22,Food,0,0,98,1,44
75.45,13,Electronics,0,0,71,2,30
194.43,22,Travel,0,0,51,1,20
346.28,4,Electronics,0,0,62,3,53
432.54,2,Food,0,0,42,2,64
18.05,3,Travel,0,0,86,1,24
328.94,6,Clothing,0,0,30,3,28
299.98,8,Electronics,0,0,54,0,51
30.21,16,Clothing,0,0,28,2,40
30.8,6,Electronics,0,0,90,2,63
364.69,17,Electronics,0,0,37,3,26
442.91,1,Electronics,0,0,92,3,33
146.73,23,Travel,0,0,30,3,43
780.27,23,Food,0,1,49,3,65
185.11,21,Grocery,0,0,85,5,31
107.18,3,Travel,0,0,52,2,31
152.27,19,Food,0,0,59,4,34
23.74,15,Clothing,0,0,45,7,27
118.17,20,Food,0,0,97,3,65
218.25,0,Clothing,0,0,91,3,25
63.51,19,Clothing,0,0,35,1,69
36.87,15,Travel,0,0,37,4,33
176.71,5,Grocery,0,0,89,2,37
17.25,5,Electronics,0,0,35,1,28
408.7,19,Food,0,0,34,0,29
985.18,1,Electronics,0,0,69,2,36
83.23,2,Food,0,0,28,0,21
401.4,1,Electronics,1,0,31,0,28
3.99,10,Food,0,0,61,1,35
306.64,18,Clothing,0,0,98,4,50
99.68,22,Food,0,0,60,0,36
90.84,17,Electronics,0,0,36,4,40
115.56,10,Clothing,0,0,77,2,31
111.21,8,Grocery,0,0,82,1,33
98.97,22,Travel,0,0,28,7,34
76.05,0,Food,0,1,84,2,58
257.65,15,Clothing,0,0,60,1,22
87.81,3,Clothing,0,0,53,2,23
139.12,20,Clothing,0,0,29,1,42
149.89,5,Grocery,0,0,27,4,46
199.12,17,Travel,0,0,95,3,25
24.72,4,Grocery,0,0,52,2,23
127.45,15,Food,0,0,50,1,48
13.98,1,Travel,0,0,37,0,39
209.09,15,Food,0,0,72,2,54
363.15,0,Food,0,0,98,0,65
287.39,2,Electronics,0,0,66,2,41
111.63,0,Clothing,0,0,44,2,23
108.34,0,Grocery,0,0,61,1,63
319.17,18,Travel,0,0,82,1,37
57.49,8,Clothing,0,0,64,2,60
3.34,23,Food,0,0,93,0,18
197.95,7,Food,0,0,97,2,30
280.59,2,Electronics,0,0,77,1,49
462.18,23,Food,0,0,60,1,46
530.37,5,Travel,0,0,90,5,45
238.31,1,Clothing,0,0,44,2,50
356.76,23,Clothing,0,0,25,1,55
126.39,6,Travel,0,0,41,1,30
141.17,10,Clothing,0,0,40,0,29
46.12,1,Clothing,0,1,41,1,21
10.56,9,Clothing,0,1,93,1,48
269.2,9,Grocery,0,0,83,0,56
172.65,16,Clothing,0,0,96,1,32
42.55,3,Travel,0,0,44,4,68
20.9,6,Electronics,0,0,42,3,43
31.68,20,Grocery,0,1,47,3,49
57.55,11,Grocery,0,0,83,1,30
5.4,15,Clothing,0,0,46,3,53
59.61,6,Food,0,0,96,1,29
237.5,22,Grocery,0,0,61,1,29
29.09,11,Food,0,0,30,2,37
12.48,7,Food,0,0,42,4,61
82.96,0,Travel,0,0,78,1,38
10.67,8,Food,0,1,44,3,63
9.25,1,Travel,0,0,59,2,69
38.16,9,Food,1,0,26,1,41
249.5,11,Electronics,0,0,52,1,38
60.65,21,Clothing,0,0,58,5,35
68.27,1,Food,0,0,60,2,32
48.6,12,Clothing,0,0,66,3,28
193.29,12,Electronics,0,0,25,1,22
46.59,0,Electronics,0,0,40,1,31
140.68,3,Food,1,0,31,1,63
2.2,4,Clothing,0,0,52,2,30
199.28,5,Travel,0,0,93,0,57
244.91,10,Travel,0,0,56,4,40
322.45,5,Grocery,0,0,83,6,63
1.06,3,Grocery,0,0,44,2,32
82.8,10,Clothing,0,0,81,3,54
149.54,6,Food,0,0,83,4,22
175.31,22,Clothing,0,1,43,1,56
386.07,15,Grocery,0,0,73,4,69
131.45,7,Food,0,0,99,2,67
148.06,2,Food,1,0,55,5,66
124.81,20,Clothing,0,0,51,3,22
150.38,17,Clothing,0,0,80,2,54
76.7,23,Grocery,0,0,94,2,21
131.23,17,Grocery,0,0,80,2,53
15.92,12,Clothing,0,1,70,1,24
54.84,22,Travel,1,0,34,0,68
361.2,12,Travel,0,0,44,3,20
180.57,23,Food,0,0,80,2,54
100.2,14,Travel,0,0,29,5,49
174.48,10,Travel,0,0,30,1,52
61.44,19,Electronics,0,0,44,1,42
592.13,10,Electronics,0,0,83,0,51
0.89,22,Clothing,0,0,87,4,67
154.85,23,Grocery,1,0,90,1,30
32.4,0,Electronics,0,0,90,1,48
13.49,21,Grocery,0,0,56,3,40
1.68,17,Grocery,1,0,54,1,49
166.58,5,Clothing,0,0,36,1,27
122.25,2,Electronics,0,0,31,3,47
166.86,23,Grocery,0,1,94,0,35
73.23,7,Travel,0,0,90,0,45
23.1,3,Food,1,0,67,3,27
147.67,9,Food,0,0,76,0,58
40.58,9,Travel,0,0,73,2,46
33.16,0,Clothing,0,0,25,1,37
280.8,8,Clothing,0,0,57,2,45
67.67,12,Clothing,0,0,70,3,35
16.21,0,Electronics,0,0,39,6,67
8.66,21,Electronics,0,0,32,1,57
240.56,16,Travel,0,1,86,1,61
56.01,20,Food,1,0,64,3,21
54.15,19,Food,0,0,38,0,48
112.19,17,Clothing,0,0,51,1,63
98.46,17,Clothing,0,1,62,3,69
40.09,8,Travel,0,0,78,2,48
30.82,5,Grocery,0,1,70,1,41
201.83,6,Travel,0,0,27,2,41
52.01,8,Food,0,0,53,1,20
137.23,19,Grocery,0,0,56,2,37
18.57,7,Travel,0,0,39,1,69
32.42,9,Food,0,0,29,1,66
165.75,12,Electronics,0,1,40,2,42
27.75,6,Travel,0,0,54,5,42
59.07,8,Travel,1,0,33,4,20
51.02,12,Travel,0,0,85,1,35
139.27,13,Food,0,0,44,2,31
95.54,7,Electronics,0,0,45,2,60
563.44,11,Food,0,0,61,4,56
9.88,8,Clothing,0,0,45,0,59
127.93,10,Clothing,0,0,84,4,66
173.9,14,Travel,0,0,70,2,31
7.23,8,Electronics,0,0,60,2,22
68.28,14,Travel,0,0,92,1,50
775.12,6,Electronics,0,0,41,2,37
254.68,6,Electronics,0,0,81,4,18
41.38,17,Electronics,0,1,98,1,66
31.39,14,Travel,1,0,89,3,52
183.5,0,Clothing,0,0,99,2,42
39.55,17,Food,0,0,84,2,48
68.6,20,Clothing,0,0,48,3,68
298.33,14,Clothing,0,0,46,0,20
139.79,9,Travel,0,0,83,1,29
199.7,5,Travel,0,0,47,0,25
325.91,19,Clothing,0,0,94,3,51
87.27,5,Travel,0,0,94,0,20
66.87,16,Food,0,0,94,0,67
67.93,14,Electronics,0,0,83,3,38
76.58,21,Travel,0,0,44,0,30
592.51,20,Food,0,0,41,1,53
63.7,15,Travel,0,0,90,2,50
613.85,5,Food,1,0,95,2,44
16.39,7,Electronics,0,1,60,3,59
27.53,14,Travel,0,0,80,2,47
16.37,18,Grocery,0,0,52,3,46
187.86,18,Food,0,0,73,0,25
5.58,18,Clothing,0,0,75,3,62
7.8,21,Clothing,0,0,95,3,21
181.96,12,Food,0,0,57,5,45
100.78,10,Electronics,0,0,68,1,46
144.26,3,Electronics,0,0,65,1,47
76.22,14,Grocery,0,0,92,2,34
74.25,9,Clothing,0,0,60,0,37
142.04,23,Grocery,0,0,26,0,20
624.96,12,Grocery,0,0,50,2,63
9.92,21,Electronics,0,0,55,2,47
61.3,12,Electronics,0,0,25,3,65
62.56,20,Travel,0,0,72,1,60
66.07,10,Electronics,0,0,72,1,60
3.53,20,Food,0,0,26,2,39
284.39,13,Electronics,0,0,58,4,34
347.62,11,Electronics,1,0,74,5,59
60.95,16,Food,0,0,77,4,62
3.29,17,Electronics,0,0,65,4,42
34.76,9,Grocery,0,0,86,2,43
224.07,10,Food,0,0,85,1,55
225.29,6,Food,0,1,44,4,40
55.51,9,Travel,0,0,45,4,27
36.04,19,Electronics,0,0,79,6,29
195.07,0,Travel,0,1,96,1,43
619.99,18,Food,0,0,82,1,68
142.77,11,Grocery,0,0,64,4,69
363.21,2,Travel,0,0,78,3,51
745.34,0,Food,1,0,76,5,40
16.92,6,Travel,0,1,85,5,35
409.82,11,Electronics,0,1,79,3,48
113.55,8,Clothing,0,0,36,3,31
31.55,0,Clothing,0,0,83,9,30
74.24,21,Food,0,0,41,1,29
26.3,14,Grocery,0,0,52,3,27
55.56,9,Travel,0,0,43,0,60
37.61,21,Travel,0,0,69,1,46
49.39,1,Grocery,0,0,49,4,61
57.02,11,Grocery,0,0,76,2,65
254.38,13,Electronics,0,0,94,4,50
210.82,14,Electronics,0,0,97,3,50
53.93,21,Food,1,0,90,1,60
232.59,22,Travel,0,1,50,0,33
143.68,5,Food,0,0,82,0,41
61.39,1,Food,0,0,49,3,66
29.77,13,Grocery,0,0,41,1,62
112.54,0,Travel,0,1,52,1,68
55.13,14,Food,0,0,60,2,37
102.77,21,Food,1,0,72,4,48
9.21,11,Travel,0,0,45,2,24
248.69,7,Food,0,0,43,3,53
59.24,13,Travel,0,0,40,1,53
210.41,21,Travel,0,0,92,5,29
498.74,22,Food,0,0,71,1,49
291.43,8,Grocery,0,1,83,2,59
59.68,7,Food,0,0,37,0,65
168.36,13,Grocery,0,0,71,2,47
86.52,19,Clothing,0,0,64,3,20
78.63,20,Electronics,0,0,47,1,40
65.16,4,Travel,0,0,39,2,40
83.75,15,Clothing,0,0,31,2,57
365.05,3,Electronics,0,1,28,3,38
264.52,9,Travel,0,0,90,2,69
374.49,10,Travel,0,0,87,4,51
58.85,15,Grocery,0,0,33,0,60
400.31,12,Electronics,0,0,46,1,62
386.92,18,Clothing,0,0,42,1,69
264.11,15,Electronics,0,0,80,5,42
79.46,6,Travel,0,0,66,2,60
489.22,19,Clothing,0,0,96,3,51
196.2,3,Travel,0,0,37,2,31
75.72,5,Grocery,0,0,38,5,47
28.41,14,Electronics,0,0,90,1,56
188.2,1,Food,0,0,48,3,45
392.81,22,Clothing,0,0,66,4,59
64.45,10,Food,0,0,79,2,38
565.61,8,Clothing,1,0,94,1,25
123.42,5,Food,0,0,35,2,47
19.43,23,Grocery,0,0,40,3,22
29.22,14,Clothing,0,0,40,1,58
94.37,21,Grocery,0,0,44,0,36
162.07,22,Electronics,1,0,68,2,26
286.48,4,Electronics,0,0,44,0,53
471.42,16,Clothing,0,0,70,1,19
42.51,22,Clothing,0,0,32,0,57
78.73,2,Grocery,0,0,38,1,36
293.16,21,Electronics,0,0,60,0,42
155.62,18,Travel,0,0,65,3,19
275.63,22,Electronics,0,0,61,1,20
306.69,14,Grocery,0,0,40,5,28
130.89,0,Grocery,0,0,46,2,24
435.03,7,Electronics,1,0,95,2,58
93.37,15,Clothing,0,0,36,2,25
177.39,1,Travel,1,0,32,5,53
310.78,17,Clothing,0,0,80,3,29
115.73,2,Clothing,0,0,79,1,38
0.28,19,Food,0,0,74,2,28
248.53,12,Grocery,0,1,84,0,30
53.5,16,Travel,0,0,39,5,39
161.88,19,Electronics,0,0,57,1,58
14.95,3,Travel,0,0,61,3,21
60.35,2,Travel,0,0,81,4,34
169.23,13,Clothing,1,0,98,0,54
381.4,6,Electronics,0,0,90,3,27
192.33,5,Food,0,0,49,3,24
230.59,23,Travel,0,0,43,3,18
89.04,3,Clothing,0,0,35,4,54
11.53,14,Travel,0,1,49,2,24
104.56,7,Grocery,0,0,83,1,42
200.8,21,Electronics,0,0,93,4,42
115.46,22,Travel,0,0,91,3,20
254.46,0,Travel,0,0,26,4,62
17.63,8,Food,0,0,61,3,61
143.3,12,Grocery,0,0,82,1,58
208.19,21,Travel,0,0,78,2,28
81.69,7,Grocery,0,0,74,3,39
56.56,13,Food,0,0,59,2,45
47.52,0,Food,0,0,81,1,57
221.94,2,Clothing,0,0,70,2,32
56.12,3,Grocery,1,0,75,0,51
214.5,5,Travel,0,0,80,2,65
368.35,15,Food,0,0,78,0,57
38.27,10,Grocery,0,0,42,4,54
11.83,11,Grocery,0,0,86,2,64
105.48,1,Travel,0,1,27,3,59
53.3,22,Grocery,0,0,38,1,48
254.49,6,Travel,1,0,38,0,42
15.21,18,Electronics,0,0,95,4,42
48.8,20,Grocery,0,0,76,2,64
307.77,4,Grocery,0,0,43,3,34
5.64,9,Travel,0,0,44,1,23
286.74,17,Electronics,0,0,43,1,18
261.46,14,Food,0,0,41,1,60
53.96,16,Food,0,0,98,1,31
155.86,14,Electronics,0,0,83,2,56
25.42,20,Food,0,0,78,0,65
108.33,7,Clothing,0,0,36,0,64
163.16,17,Travel,0,0,59,1,22
245.52,7,Travel,0,0,62,3,55
16.61,23,Clothing,0,0,57,5,69
129.35,7,Electronics,0,0,84,3,34
32.88,10,Food,0,0,33,3,31
495.39,10,Clothing,0,0,60,2,44
193.5,11,Grocery,0,0,35,0,35
188.22,4,Food,0,0,59,0,29
71.82,18,Travel,0,1,72,1,51
69.65,14,Grocery,0,0,77,2,65
221.8,20,Grocery,1,0,77,4,49
10.14,19,Clothing,0,0,70,0,62
108.72,3,Electronics,0,0,81,0,51
120.62,21,Food,0,0,47,1,39
4.2,1,Grocery,0,0,97,4,57
145.85,17,Clothing,1,0,39,2,50
26.63,16,Food,0,0,78,2,52
128.19,20,Food,0,0,72,1,36
189.34,7,Travel,1,0,95,0,41
48.31,16,Clothing,0,0,79,5,60
2.1,20,Food,0,0,65,2,63
317.53,10,Clothing,0,0,96,3,51
65.52,9,Travel,0,0,65,2,66
2.2,18,Food,0,1,60,2,45
565.69,9,Clothing,1,0,84,2,48
30.88,9,Electronics,0,0,40,1,27
8.07,2,Electronics,0,0,69,1,25
129.91,17,Clothing,0,0,65,2,51
260.52,2,Grocery,0,1,56,3,37
290.92,15,Clothing,1,0,48,3,40
16.37,2,Clothing,0,0,53,1,22
18.76,17,Food,0,0,76,0,53
87.49,5,Clothing,0,0,80,2,41
355.67,17,Food,0,0,82,4,44
608.9,0,Grocery,0,0,89,5,61
63.87,7,Food,1,0,34,3,65
101.76,22,Travel,0,0,89,1,54
283.03,6,Travel,0,0,66,0,62
8.29,21,Grocery,0,0,94,1,32
19.95,14,Grocery,0,0,29,0,47
97.8,13,Electronics,0,0,34,3,18
13.87,23,Electronics,0,0,28,0,19
61.59,3,Travel,0,0,32,0,59
262.65,18,Grocery,0,0,54,1,68
23.08,22,Electronics,0,0,50,6,27
397.73,5,Food,0,0,41,3,42
8.4,8,Electronics,0,1,70,1,63
157.81,1,Grocery,0,0,80,2,64
3.71,5,Travel,0,0,87,2,31
317.31,14,Grocery,0,0,50,3,31
371.09,15,Food,0,0,42,4,67
136.78,20,Food,0,0,56,4,27
154.57,5,Food,0,0,95,4,50
568.83,0,Food,0,0,63,4,59
441.17,23,Grocery,0,0,50,1,59
671.94,16,Travel,0,0,67,0,50
30.18,9,Clothing,0,0,60,4,40
88.79,18,Electronics,0,0,75,1,56
103.63,18,Grocery,0,0,95,4,49
60.52,23,Travel,0,0,86,1,45
67.67,13,Electronics,0,0,68,5,52
225.41,9,Electronics,0,0,27,2,55
155.24,23,Food,0,0,92,1,19
19.76,22,Electronics,0,0,79,5,46
280.31,12,Food,0,0,62,0,34
50.67,11,Electronics,0,0,52,2,44
115.13,1,Grocery,1,0,34,1,24
25.33,0,Clothing,0,0,43,4,52
249.52,1,Food,0,1,99,0,21
84.77,11,Travel,0,0,67,3,34
959.53,9,Grocery,1,0,48,1,25
309.87,6,Food,0,0,61,2,33
193.5,23,Clothing,0,0,58,5,46
31.96,4,Clothing,0,0,29,1,52
78.89,16,Electronics,0,0,52,1,59
191.79,21,Food,0,0,89,6,26
115.45,15,Clothing,0,1,76,1,68
477.07,23,Travel,0,0,45,1,44
57.7,22,Grocery,0,0,98,3,66
201.49,2,Grocery,0,1,95,1,66
551.92,12,Electronics,0,0,76,0,48
326.65,16,Grocery,0,0,89,3,32
15.43,4,Electronics,0,0,37,1,25
25.22,22,Electronics,0,0,83,0,41
110.42,19,Clothing,0,0,72,2,27
345.6,19,Grocery,0,0,86,1,69
25.29,5,Electronics,0,0,42,1,20
9.28,12,Travel,0,0,75,2,26
15.27,22,Clothing,0,0,66,2,25
9.91,10,Travel,0,0,41,1,44
145.59,1,Grocery,0,0,71,6,55
34.32,13,Grocery,0,1,79,4,51
43.81,14,Travel,0,0,56,3,59
156.68,6,Food,0,0,38,1,59
103.62,20,Grocery,0,0,43,3,56
248.27,23,Food,0,0,71,3,43
150.26,11,Food,0,1,80,3,23
403.59,12,Electronics,0,0,49,1,30
214.14,23,Food,0,1,38,5,31
245.58,15,Electronics,0,0,32,2,20
8.13,8,Clothing,0,0,96,1,43
50.35,23,Travel,0,0,28,3,35
217.76,4,Electronics,0,0,73,0,55
71.07,6,Food,0,0,77,0,33
355.34,20,Electronics,0,0,43,2,56
205.38,6,Food,0,0,32,2,21
20.99,15,Grocery,1,1,39,2,19
81.21,14,Grocery,0,0,67,0,34
155.53,3,Clothing,0,0,45,1,37
7.16,22,Clothing,0,0,49,2,24
181.89,14,Grocery,0,0,82,0,58
534.93,18,Clothing,0,0,55,2,26
54.14,7,Grocery,0,0,62,1,60
123.04,22,Food,0,1,36,3,62
1.9,5,Electronics,0,0,42,1,42
564.3,6,Electronics,0,0,58,0,27
346.82,6,Electronics,1,0,49,2,67
82.21,19,Food,0,0,43,4,60
12.11,7,Clothing,0,0,42,3,42
21.18,9,Grocery,0,0,27,3,19
104.86,20,Clothing,0,0,95,2,46
162.88,11,Electronics,0,0,30,4,48
125.8,2,Travel,0,0,29,2,34
49.92,18,Grocery,0,0,91,4,31
97.67,14,Electronics,1,0,89,0,20
14.72,14,Clothing,0,0,80,3,41
37.07,15,Food,0,0,28,3,60
141.48,21,Clothing,0,0,38,5,49
13.51,2,Clothing,0,0,90,2,58
1.15,15,Travel,0,0,65,2,65
5.17,11,Food,0,0,65,1,63
210.5,13,Electronics,0,0,77,0,59
136.19,19,Grocery,0,0,99,0,62
63.49,3,Electronics,0,0,50,2,64
116.97,7,Clothing,0,0,94,1,55
13.29,18,Clothing,0,0,49,4,45
167.24,1,Electronics,0,0,60,2,51
22.7,22,Clothing,0,0,66,2,33
483.18,23,Clothing,1,0,73,2,66
64.84,23,Electronics,0,0,28,1,21
65.39,22,Grocery,0,0,96,1,20
265.26,15,Electronics,0,0,35,4,42
226.61,13,Clothing,0,0,57,2,58
14.94,12,Travel,0,0,57,1,26
7.48,5,Travel,0,0,88,5,19
284.96,2,Electronics,0,0,63,1,59
94.59,5,Travel,0,0,80,5,22
12.17,18,Travel,0,0,62,5,22
56.07,2,Grocery,0,0,51,1,60
2.64,13,Grocery,0,0,87,2,45
232.75,2,Clothing,0,0,66,2,38
372.4,23,Clothing,0,0,98,2,37
70.27,18,Electronics,0,0,51,2,47
244.08,11,Food,0,0,38,0,37
74.6,19,Travel,1,0,73,3,26
584.58,5,Travel,0,0,48,0,64
24.55,8,Travel,0,0,81,3,43
55.06,6,Food,0,0,46,2,24
110.02,11,Travel,0,1,43,1,23
17.94,13,Grocery,0,0,54,0,48
22.77,20,Travel,0,0,52,4,48
130.25,3,Travel,0,0,61,3,21
269.63,17,Travel,0,0,29,1,38
294.34,13,Clothing,0,0,56,4,63
233.8,7,Clothing,0,0,91,6,47
4.0,23,Travel,0,0,90,2,19
379.98,14,Food,0,0,71,3,52
227.7,16,Grocery,0,0,34,1,59
49.72,23,Travel,0,0,85,0,18
168.17,20,Clothing,0,0,45,3,37
425.43,0,Clothing,0,0,37,3,18
175.47,21,Clothing,0,0,97,0,42
45.13,15,Grocery,0,1,63,5,22
360.44,6,Grocery,0,0,40,0,49
1.23,22,Food,0,0,90,2,56
16.38,19,Food,0,0,77,1,49
16.95,22,Food,0,0,69,7,42
292.7,13,Food,0,0,31,0,23
116.3,6,Electronics,0,1,42,3,65
9.97,17,Clothing,0,0,68,1,64
139.58,21,Travel,1,0,93,1,57
263.05,22,Electronics,0,0,46,1,37
266.3,19,Electronics,0,0,66,2,42
0.54,1,Travel,0,0,37,2,65
179.83,17,Travel,0,0,78,1,54
545.88,2,Clothing,0,0,58,2,62
11.76,5,Grocery,0,0,50,3,52
60.56,10,Clothing,0,0,35,1,64
102.06,9,Grocery,0,0,63,5,24
56.29,0,Travel,0,1,57,2,55
297.16,22,Electronics,0,0,27,2,22
172.82,18,Electronics,0,0,69,3,34
56.71,12,Grocery,0,0,25,1,22
49.85,13,Electronics,0,0,41,4,62
46.23,18,Food,1,1,57,2,19
178.81,18,Food,0,0,63,3,29
359.03,20,Travel,0,0,99,2,19
929.73,9,Grocery,0,0,65,5,67
245.56,10,Grocery,0,0,87,0,63
54.71,13,Travel,1,0,93,0,44
42.76,9,Grocery,0,0,84,1,64
82.46,23,Clothing,0,0,60,3,52
176.76,7,Electronics,0,0,32,1,45
54.75,7,Clothing,0,0,63,0,43
511.67,16,Clothing,0,0,44,3,47
112.6,16,Food,0,0,80,1,30
104.21,18,Clothing,0,0,58,0,47
570.93,18,Electronics,0,0,49,2,25
190.92,3,Electronics,0,0,51,2,20
32.39,13,Clothing,0,0,38,0,65
255.58,10,Grocery,0,0,86,0,58
37.72,6,Grocery,0,0,83,2,61
42.29,0,Electronics,0,0,56,2,43
126.0,1,Grocery,0,0,54,6,36
63.16,2,Clothing,0,0,27,4,68
212.81,22,Food,0,0,93,2,60
127.45,14,Food,0,0,63,6,45
12.82,5,Food,0,0,34,1,26
146.48,3,Travel,0,0,33,1,47
123.23,14,Food,0,0,83,0,40
294.27,21,Clothing,0,0,45,0,60
4.21,22,Food,0,0,72,0,34
64.18,17,Travel,0,0,78,2,67
580.6,10,Grocery,0,0,58,2,60
242.93,6,Clothing,0,0,46,2,44
347.11,11,Clothing,0,0,29,3,23
126.74,16,Grocery,0,0,44,1,59
1.67,1,Food,0,0,98,3,35
592.31,3,Travel,0,0,83,3,63
507.61,2,Electronics,0,0,99,2,37
5.69,4,Clothing,0,0,31,2,38
35.64,12,Travel,0,0,26,0,38
12.74,18,Clothing,0,0,70,4,60
53.56,20,Clothing,0,0,75,1,31
17.7,3,Food,0,0,72,3,60
167.98,3,Clothing,0,0,57,4,51
21.78,15,Grocery,0,0,76,5,18
27.78,8,Food,0,0,31,3,30
141.11,0,Electronics,0,0,58,2,58
309.13,13,Food,0,0,79,2,35
513.45,4,Grocery,0,0,66,1,37
92.05,10,Grocery,0,0,90,3,58
97.57,11,Clothing,0,0,83,2,67
456.36,18,Clothing,0,0,46,0,28
12.4,21,Electronics,0,0,65,1,66
211.43,1,Food,0,0,73,2,40
71.21,23,Travel,0,0,97,1,54
153.54,8,Travel,0,0,29,3,19
45.79,20,Grocery,0,0,55,4,66
144.07,12,Travel,1,0,99,3,21
4.44,13,Grocery,0,0,42,2,56
667.84,8,Clothing,1,0,97,4,26
575.99,15,Clothing,1,0,98,3,35
47.58,13,Travel,0,0,33,2,45
20.46,22,Travel,0,0,36,1,52
193.28,6,Grocery,0,0,84,5,43
495.29,15,Grocery,0,0,33,2,67
32.57,12,Food,0,0,64,4,51
85.97,0,Clothing,0,0,96,3,35
94.5,9,Food,0,1,64,2,50
443.48,14,Clothing,0,0,67,2,64
166.49,20,Electronics,0,1,36,2,50
71.41,3,Electronics,0,0,91,2,49
231.45,21,Clothing,0,0,67,3,33
29.88,2,Clothing,0,0,65,4,51
77.21,22,Food,0,1,91,5,39
92.39,21,Travel,0,0,83,1,56
35.08,19,Electronics,0,0,65,7,41
5.49,11,Travel,0,0,48,3,42
57.11,6,Electronics,0,0,82,0,31
76.4,8,Clothing,0,0,26,6,29
31.73,11,Food,0,0,90,2,55
33.31,6,Electronics,0,0,80,2,27
14.75,16,Electronics,0,1,84,0,65
41.18,6,Food,0,0,78,1,25
283.15,12,Grocery,0,0,63,3,65
468.81,15,Travel,0,0,27,2,68
39.1,16,Grocery,0,1,55,5,28
252.34,7,Clothing,0,0,41,1,48
301.29,2,Clothing,0,0,60,1,46
5.23,4,Food,0,1,92,1,60
260.75,10,Food,0,0,88,0,26
127.04,8,Clothing,1,0,57,3,36
153.34,3,Clothing,0,0,40,2,53
16.93,1,Food,0,0,30,2,51
438.22,1,Clothing,0,1,44,0,49
9.47,12,Travel,0,0,91,2,63
199.35,9,Grocery,0,0,60,3,26
212.02,6,Electronics,0,0,89,1,45
128.57,12,Travel,1,0,68,2,19
12.86,20,Travel,1,0,27,1,34
151.99,8,Travel,0,0,51,0,37
301.54,14,Grocery,0,0,68,4,64
289.57,0,Clothing,0,1,42,1,66
770.65,4,Food,0,0,93,2,68
227.51,5,Grocery,0,1,78,2,40
114.21,13,Clothing,0,0,52,2,22
129.38,18,Travel,1,0,97,2,37
35.86,8,Electronics,0,0,53,1,36
83.59,20,Grocery,0,0,51,1,58
38.56,5,Grocery,0,0,85,1,49
258.41,17,Clothing,0,0,77,1,67
47.57,17,Grocery,0,0,88,2,36
612.58,5,Food,1,0,68,1,53
43.51,18,Electronics,0,0,61,0,64
11.16,18,Food,1,0,62,1,69
84.47,22,Electronics,0,0,66,3,40
292.14,9,Clothing,0,0,81,3,67
51.24,14,Electronics,0,0,46,2,43
32.73,16,Clothing,0,0,47,3,24
13.26,18,Electronics,0,0,61,1,50
35.4,6,Travel,0,0,87,4,19
82.68,21,Grocery,0,0,77,2,58
1028.32,1,Grocery,0,0,27,2,36
230.95,16,Travel,0,0,42,1,44
43.63,5,Clothing,0,0,77,0,55
16.06,3,Grocery,0,0,59,2,52
128.0,4,Clothing,0,0,43,2,67
16.85,17,Grocery,0,0,98,0,38
256.52,9,Clothing,0,0,94,1,31
22.44,8,Travel,0,0,46,0,20
4.41,3,Clothing,0,0,38,2,58
7.29,21,Food,0,0,63,0,68
397.98,8,Grocery,0,0,39,0,42
3.63,7,Clothing,0,0,50,1,25
205.95,4,Electronics,0,0,35,3,48
50.82,3,Clothing,0,0,63,2,68
176.36,21,Food,0,0,43,2,27
629.53,14,Clothing,0,0,76,7,44
96.09,4,Grocery,0,0,29,2,54
16.72,17,Food,1,0,84,0,22
136.23,10,Travel,0,0,53,2,58
397.04,18,Food,0,0,56,0,30
126.91,16,Clothing,1,0,84,1,49
7.94,1,Clothing,0,1,41,0,30
17.94,15,Electronics,0,0,92,2,60
166.38,14,Clothing,0,0,57,2,18
174.23,23,Clothing,0,0,82,4,38
218.37,8,Food,0,0,46,4,60
8.33,0,Clothing,0,0,34,2,27
315.17,16,Electronics,0,0,59,2,18
90.26,0,Travel,0,0,89,2,51
274.95,22,Food,0,0,48,2,60
138.8,15,Electronics,0,0,59,2,39
513.09,21,Grocery,0,1,42,0,36
169.66,18,Food,0,0,63,3,60
36.48,6,Food,0,0,38,0,29
372.44,15,Electronics,0,0,87,2,67
383.54,3,Travel,0,0,66,2,69
407.85,7,Food,0,0,43,0,58
335.33,1,Electronics,0,0,57,1,62
13.26,14,Electronics,0,0,97,2,38
268.83,12,Clothing,0,0,60,0,38
214.11,15,Grocery,0,0,85,0,23
112.48,22,Travel,0,0,88,2,56
46.44,16,Electronics,0,0,76,3,33
295.15,12,Travel,0,0,36,1,59
68.2,17,Electronics,0,0,63,3,46
51.29,2,Grocery,0,0,97,1,33
51.77,14,Clothing,0,0,76,4,60
206.94,11,Clothing,0,0,47,5,65
58.78,8,Food,1,0,88,1,25
615.82,20,Grocery,0,0,39,1,53
1103.19,1,Electronics,0,0,36,0,29
773.77,5,Food,0,0,54,3,19
218.94,15,Food,0,1,89,1,62
77.01,7,Electronics,0,0,25,2,52
566.95,21,Electronics,0,0,52,2,30
110.73,7,Grocery,0,0,69,0,32
7.5,21,Food,0,0,73,5,61
123.03,8,Electronics,1,0,73,3,61
37.51,7,Electronics,1,1,55,2,27
102.64,18,Travel,0,0,43,3,56
147.12,22,Food,0,1,49,2,24
888.48,9,Grocery,0,0,76,1,30
176.45,7,Food,1,1,91,0,30
5.71,1,Food,0,0,89,2,43
81.35,15,Travel,1,0,86,3,62
156.06,22,Grocery,0,0,81,1,48
111.11,12,Grocery,0,0,97,2,59
663.31,11,Food,0,0,94,2,31
41.58,14,Food,0,0,85,2,56
301.6,7,Electronics,0,0,97,2,42
140.09,12,Food,0,0,61,2,35
34.11,16,Travel,1,0,58,2,29
233.8,17,Travel,0,0,42,2,65
160.17,9,Food,0,0,85,0,61
184.38,16,Electronics,0,0,25,4,38
152.77,1,Grocery,0,0,78,2,62
31.11,15,Clothing,0,0,73,1,31
36.72,23,Electronics,0,1,55,0,46
266.84,13,Clothing,0,0,63,0,68
157.57,18,Electronics,0,0,84,3,61
569.04,7,Grocery,1,0,36,2,68
6.94,4,Grocery,0,0,77,2,58
270.22,21,Travel,0,0,70,3,54
252.19,20,Clothing,0,1,67,2,45
872.69,13,Grocery,0,0,31,2,58
348.16,14,Electronics,0,0,86,2,30
70.04,7,Food,0,0,35,2,55
215.59,8,Electronics,0,0,26,2,51
190.12,21,Food,1,0,59,2,57
196.07,21,Clothing,0,0,76,2,67
24.86,8,Electronics,0,0,38,3,65
74.64,21,Food,0,0,57,4,25
165.69,6,Food,0,0,43,1,39
35.81,4,Travel,1,0,93,3,33
234.79,22,Electronics,0,0,56,2,21
114.56,5,Food,0,0,67,3,18
163.16,0,Grocery,0,0,40,3,44
4.68,18,Grocery,0,0,90,1,26
107.16,22,Electronics,0,0,33,4,59
418.84,0,Food,0,0,40,3,31
24.87,23,Clothing,0,0,88,1,62
4.27,5,Electronics,0,0,57,2,31
665.77,16,Clothing,0,0,86,1,20
20.95,1,Food,0,0,59,3,31
234.07,12,Electronics,0,0,77,2,40
47.27,14,Clothing,0,0,94,4,50
34.55,20,Travel,0,0,28,1,30
76.46,2,Electronics,0,0,94,2,48
286.97,2,Clothing,0,1,76,2,54
279.44,21,Grocery,0,0,67,4,58
123.75,22,Travel,0,0,36,2,35
256.91,13,Travel,0,0,45,2,57
96.97,7,Travel,0,0,52,0,40
2.19,20,Food,0,0,55,5,43
355.23,9,Travel,0,0,30,2,47
613.29,1,Electronics,0,0,57,2,40
43.38,13,Clothing,0,1,99,1,36
18.49,11,Clothing,0,0,58,3,69
56.3,11,Travel,0,0,97,3,51
139.89,23,Food,0,1,36,2,37
4.11,19,Electronics,0,0,89,0,61
64.15,23,Clothing,0,0,98,1,40
324.95,6,Grocery,0,0,73,3,36
88.82,9,Travel,0,0,78,0,22
407.09,16,Clothing,0,0,54,1,47
188.18,13,Clothing,0,0,96,0,26
272.16,6,Grocery,0,1,68,1,24
25.44,21,Food,0,0,58,5,54
342.17,16,Food,0,0,76,1,53
7.73,19,Food,0,0,77,1,67
81.04,20,Travel,0,0,65,4,65
150.19,18,Grocery,0,0,90,3,57
54.45,6,Electronics,0,0,98,1,64
301.93,19,Travel,0,0,94,1,19
33.29,17,Travel,0,0,43,4,50
31.69,5,Grocery,0,0,74,1,46
22.78,20,Electronics,1,1,70,2,18
77.71,6,Travel,0,0,38,2,41
76.35,15,Food,0,0,86,2,59
107.79,0,Travel,0,0,59,1,27
322.45,17,Electronics,0,0,48,1,52
540.09,19,Electronics,0,0,69,2,31
11.58,19,Travel,0,0,95,1,19
42.12,22,Clothing,0,0,68,4,43
81.94,19,Food,1,0,77,1,32
11.87,17,Clothing,0,0,78,1,48
244.44,1,Travel,0,0,47,3,37
786.88,21,Travel,0,0,55,3,31
688.82,7,Food,0,0,94,2,48
8.32,16,Travel,1,0,98,1,63
232.32,16,Clothing,0,0,45,5,58
0.23,18,Grocery,0,1,81,1,64
64.18,23,Electronics,0,1,82,2,58
66.71,20,Clothing,1,0,91,3,62
314.58,16,Food,0,0,77,2,43
264.67,11,Travel,0,0,71,0,43
60.08,20,Food,0,0,72,2,57
173.15,2,Clothing,0,0,98,5,65
72.3,5,Electronics,0,0,92,1,33
1045.08,14,Travel,0,0,32,1,67
23.07,20,Electronics,0,0,61,0,23
14.72,20,Food,0,0,83,3,21
101.28,8,Travel,0,1,87,1,42
30.61,3,Clothing,0,0,47,2,36
184.38,17,Clothing,0,1,39,4,22
241.69,10,Travel,0,0,38,0,36
4.7,7,Electronics,0,0,44,3,69
1.82,0,Grocery,1,0,29,2,66
109.66,0,Travel,0,0,51,1,34
132.36,7,Clothing,0,0,83,2,67
248.97,0,Clothing,0,0,43,3,38
468.06,13,Grocery,0,0,25,2,22
33.78,1,Travel,0,0,79,1,28
3.82,20,Grocery,0,0,54,2,58
141.17,18,Grocery,0,1,79,3,57
11.82,1,Electronics,0,0,55,1,68
306.58,20,Clothing,0,0,35,3,49
50.74,15,Clothing,0,0,72,3,32
318.89,3,Clothing,1,0,73,1,54
270.14,1,Clothing,0,0,96,1,36
40.62,22,Grocery,0,0,32,1,63
598.51,0,Travel,0,0,88,3,55
126.64,16,Electronics,0,0,88,1,20
59.05,13,Clothing,0,0,84,2,69
221.69,21,Travel,0,0,82,2,52
77.74,0,Clothing,0,0,35,2,24
348.5,1,Grocery,0,0,66,2,69
149.52,14,Food,0,0,58,2,48
415.73,0,Clothing,0,0,27,3,59
73.98,12,Electronics,1,0,92,0,45
646.59,10,Clothing,0,0,46,2,36
8.21,4,Grocery,0,0,73,2,28
357.8,2,Grocery,0,0,34,2,51
83.46,15,Travel,0,0,98,1,54
55.41,11,Grocery,0,0,68,2,56
115.63,20,Clothing,0,0,26,1,27
51.42,2,Grocery,0,0,72,2,35
32.62,12,Clothing,0,0,44,1,50
89.29,3,Food,0,0,29,3,52
238.7,14,Travel,0,0,64,2,28
40.03,16,Food,1,0,33,2,43
343.34,23,Grocery,0,0,92,0,38
171.87,0,Clothing,0,0,31,6,45
89.08,0,Clothing,0,1,29,1,51
163.26,22,Electronics,1,0,63,3,29
224.15,16,Clothing,0,0,56,2,52
86.73,11,Travel,0,0,52,1,46
237.01,17,Grocery,0,0,49,1,61
81.58,9,Travel,0,0,98,2,49
120.81,17,Food,1,0,80,2,48
282.33,22,Electronics,0,0,67,1,44
2.12,19,Grocery,1,0,45,2,36
25.83,14,Clothing,1,0,37,0,67
119.19,6,Clothing,0,0,57,0,36
81.76,9,Food,0,1,53,1,35
225.77,18,Electronics,0,0,66,1,62
34.68,9,Travel,0,0,84,3,53
179.25,13,Food,0,0,48,2,56
145.82,6,Food,0,0,37,1,31
93.25,0,Travel,0,0,82,0,66
20.14,0,Food,0,0,41,2,36
209.82,14,Grocery,0,0,74,3,48
116.64,20,Grocery,0,0,78,0,29
137.43,17,Electronics,0,0,82,2,18
71.18,16,Food,0,0,34,1,38
486.2,3,Grocery,1,0,42,0,37
202.88,13,Clothing,0,0,91,2,58
52.32,4,Clothing,0,0,70,2,24
7.4,7,Travel,0,0,78,0,54
244.81,12,Food,0,0,78,2,47
325.74,10,Electronics,0,0,88,1,37
290.98,23,Grocery,0,1,50,4,56
51.77,1,Grocery,0,0,83,2,38
220.88,22,Clothing,0,1,75,1,62
70.83,6,Clothing,0,0,52,5,20
92.54,11,Travel,1,0,60,2,25
37.08,13,Grocery,1,0,32,1,27
258.23,1,Grocery,0,0,67,1,50
62.84,15,Electronics,0,0,62,3,50
94.65,7,Clothing,0,0,45,3,28
510.89,9,Electronics,0,0,63,4,58
80.96,21,Travel,0,0,33,1,41
110.31,13,Clothing,0,0,44,2,45
20.33,16,Clothing,0,1,52,2,45
18.44,21,Electronics,0,0,62,2,53
62.95,6,Grocery,0,0,72,1,45
39.65,13,Food,0,0,44,1,58
176.59,0,Travel,0,0,75,1,25
254.59,21,Electronics,0,0,69,4,56
125.9,4,Grocery,0,1,27,2,31
180.25,9,Electronics,0,0,67,3,66
669.69,13,Electronics,0,0,79,2,33
39.99,14,Travel,0,1,93,1,49
384.23,10,Clothing,0,0,28,1,28
61.19,22,Travel,0,0,97,1,43
363.05,9,Grocery,0,0,42,3,65
152.75,0,Grocery,0,0,69,3,43
429.28,0,Clothing,0,0,25,3,52
123.4,18,Food,1,0,65,4,57
19.17,19,Electronics,0,0,31,6,36
48.16,16,Food,0,0,59,1,20
31.93,9,Grocery,0,0,70,0,68
214.93,5,Travel,0,0,29,0,53
49.37,19,Food,0,0,67,3,23
57.81,7,Food,1,0,67,2,58
43.3,11,Electronics,0,0,60,2,26
355.27,6,Electronics,0,0,70,4,32
1073.0,13,Food,0,0,78,3,22
204.35,4,Food,0,1,97,0,62
287.28,22,Grocery,0,0,50,2,23
162.87,6,Electronics,0,0,80,2,20
24.84,21,Food,0,0,41,2,30
99.77,3,Food,0,0,74,4,65
730.68,9,Electronics,0,0,40,4,20
137.45,16,Travel,0,1,67,2,58
140.71,14,Electronics,0,0,85,3,25
38.96,23,Travel,0,0,45,3,35
502.7,1,Clothing,0,1,52,0,63
33.91,7,Electronics,0,0,56,1,26
56.22,14,Travel,0,0,96,1,45
76.7,4,Travel,1,0,95,4,19
133.9,0,Food,0,0,77,1,65
54.91,3,Travel,0,0,38,1,19
87.53,15,Electronics,0,0,87,0,39
18.36,19,Clothing,1,0,61,1,52
471.55,2,Food,0,1,27,3,63
62.46,12,Grocery,0,1,64,2,37
211.94,10,Travel,0,0,34,0,24
71.84,15,Clothing,0,0,58,3,45
290.76,5,Travel,0,0,88,0,50
76.03,13,Travel,0,0,44,0,64
39.58,5,Electronics,0,0,48,5,21
213.71,10,Grocery,1,0,63,2,55
57.91,10,Clothing,0,0,88,0,20
24.27,15,Grocery,0,0,43,1,60
101.84,19,Electronics,0,0,66,2,19
155.42,20,Food,0,0,37,0,31
332.26,11,Grocery,0,0,64,4,54
24.45,14,Food,0,0,27,2,44
137.34,19,Travel,0,0,81,3,23
11.19,18,Grocery,0,0,60,4,41
283.97,2,Electronics,0,0,89,2,32
377.88,18,Food,0,0,26,1,63
14.42,13,Clothing,1,0,94,0,61
140.7,4,Food,0,0,38,0,44
101.75,20,Clothing,0,0,61,2,52
116.44,18,Clothing,0,0,72,2,58
92.2,12,Travel,0,0,71,1,47
120.45,22,Travel,0,0,25,4,59
97.33,18,Food,0,0,29,2,67
160.64,10,Grocery,0,0,62,2,28
311.34,3,Clothing,0,0,41,3,25
182.5,22,Travel,0,0,71,1,47
27.95,16,Electronics,0,0,77,4,68
57.55,18,Clothing,0,0,36,2,63
7.37,9,Travel,0,0,94,3,69
324.58,23,Clothing,0,0,36,0,24
582.24,14,Clothing,0,0,63,1,23
112.1,0,Travel,0,0,26,2,44
251.25,5,Clothing,0,0,30,2,24
49.47,23,Grocery,0,1,48,2,64
110.79,14,Clothing,0,0,72,4,45
154.68,22,Clothing,1,0,33,2,24
200.09,7,Clothing,0,0,96,2,21
105.81,15,Grocery,0,0,71,6,59
274.51,4,Food,0,0,90,2,62
259.67,17,Electronics,0,0,80,0,51
80.37,6,Grocery,0,0,89,2,28
190.38,1,Food,0,1,75,1,54
118.1,9,Electronics,0,0,46,0,63
533.46,6,Food,0,0,28,4,41
42.27,10,Clothing,0,0,82,1,22
167.85,3,Grocery,1,0,75,1,67
336.45,20,Clothing,0,0,84,2,28
224.45,8,Travel,0,0,36,0,45
229.24,13,Travel,0,0,52,4,32
15.45,9,Grocery,0,0,84,2,44
173.92,7,Electronics,0,0,86,6,44
188.79,13,Travel,0,0,91,1,64
51.39,6,Food,0,0,65,5,42
206.58,19,Food,0,0,41,1,69
7.49,1,Grocery,0,0,97,1,47
122.26,6,Grocery,0,0,35,2,54
81.32,13,Travel,0,0,69,4,63
283.3,0,Clothing,1,0,57,0,58
252.05,2,Grocery,0,1,96,2,59
81.43,2,Grocery,1,0,75,4,25
43.08,20,Travel,1,0,76,1,48
291.09,4,Clothing,0,0,34,0,40
446.9,5,Food,0,0,99,1,34
28.54,11,Grocery,0,0,78,3,64
41.57,18,Electronics,0,1,60,4,56
159.48,4,Travel,0,0,54,2,29
95.31,2,Grocery,0,0,43,1,39
60.99,6,Clothing,0,0,90,4,60
250.45,13,Travel,0,0,37,5,50
22.5,3,Travel,0,0,51,0,28
524.38,14,Travel,0,0,49,1,26
829.9,1,Grocery,1,0,65,2,60
39.6,5,Travel,0,0,41,3,51
239.48,19,Food,1,0,45,5,30
201.07,15,Food,0,0,85,0,61
38.67,12,Electronics,0,1,94,3,69
21.61,14,Grocery,0,0,65,2,35
12.39,0,Travel,0,0,56,3,38
372.34,7,Food,0,0,97,0,54
32.23,10,Grocery,1,0,39,1,68
37.74,15,Grocery,0,0,83,2,43
371.8,23,Food,0,1,98,1,32
542.65,9,Travel,0,0,31,3,30
12.76,3,Grocery,0,0,89,3,65
4.24,0,Food,0,1,31,5,65
21.98,19,Food,0,0,41,2,47
60.49,9,Electronics,1,0,39,1,48
196.2,11,Grocery,0,0,67,2,50
79.12,14,Clothing,0,0,62,3,25
147.88,1,Travel,0,0,60,2,18
127.14,16,Food,1,0,73,2,48
248.23,3,Food,0,0,66,2,42
145.32,20,Food,1,0,40,0,55
482.71,11,Travel,0,1,38,1,35
7.16,17,Food,0,0,76,1,27
171.91,12,Clothing,0,0,42,0,36
57.86,4,Electronics,0,0,40,1,36
31.65,21,Grocery,0,0,59,1,48
14.72,11,Travel,1,0,73,3,59
149.45,16,Clothing,1,0,61,2,38
97.72,10,Food,0,0,42,0,23
161.62,7,Food,0,1,76,2,61
250.16,11,Travel,0,0,99,4,29
28.27,13,Clothing,0,0,35,1,42
67.28,23,Travel,0,0,74,0,49
553.08,0,Clothing,1,0,85,1,67
110.8,16,Clothing,0,0,38,3,22
136.4,19,Food,0,0,68,1,23
14.74,5,Electronics,1,0,93,2,64
39.62,8,Electronics,0,0,38,3,64
190.86,22,Grocery,0,0,31,1,56
49.52,16,Electronics,0,0,58,1,32
175.77,1,Food,0,0,76,0,34
654.82,15,Electronics,0,0,54,3,34
763.93,22,Food,0,0,83,1,34
132.66,1,Electronics,0,0,31,4,35
501.92,21,Grocery,0,0,48,1,60
47.89,5,Food,0,0,95,2,25
399.19,13,Clothing,0,0,36,1,42
23.8,12,Electronics,0,0,59,1,55
93.49,3,Grocery,0,0,58,2,52
49.2,23,Grocery,0,0,79,1,18
277.75,14,Travel,0,0,36,2,32
225.37,16,Clothing,0,0,45,4,56
46.41,16,Clothing,0,0,78,0,47
43.99,11,Grocery,0,0,62,3,65
268.38,9,Food,0,0,36,2,57
55.31,14,Grocery,0,0,60,0,48
95.13,17,Grocery,0,0,38,5,67
637.64,16,Travel,0,0,86,0,47
253.08,23,Grocery,0,0,49,1,63
515.36,19,Electronics,0,1,86,1,23
154.99,16,Food,0,0,33,1,54
139.12,13,Travel,0,0,56,1,50
89.92,17,Grocery,0,0,37,0,45
96.54,3,Grocery,0,0,60,3,27
221.21,13,Food,0,0,58,0,47
89.81,8,Food,0,0,28,3,52
508.46,17,Grocery,0,0,77,3,41
593.39,12,Electronics,0,0,79,1,39
136.81,0,Clothing,0,0,60,5,49
60.34,19,Travel,0,0,92,2,34
242.41,13,Electronics,0,0,54,5,20
49.56,20,Food,0,0,60,4,42
33.65,16,Grocery,0,0,63,0,18
213.12,23,Food,0,0,82,2,63
67.05,23,Travel,0,0,69,3,45
33.15,16,Clothing,0,0,26,1,41
272.97,18,Grocery,0,0,46,2,46
399.42,13,Electronics,0,0,70,2,44
189.83,21,Electronics,0,0,64,2,66
34.78,17,Grocery,0,0,30,4,39
0.66,21,Food,0,0,26,1,37
90.3,9,Electronics,0,0,33,4,68
221.02,1,Electronics,0,0,41,3,68
137.29,8,Electronics,0,0,37,5,36
52.34,13,Electronics,0,0,43,1,30
12.48,22,Electronics,0,0,70,6,61
431.97,21,Food,0,0,95,1,54
854.58,19,Food,0,1,53,0,57
524.15,22,Food,0,0,26,4,51
215.05,23,Clothing,0,0,69,4,44
35.89,19,Food,0,1,30,0,25
197.26,16,Grocery,0,0,53,1,69
348.09,10,Travel,0,0,94,1,30
239.68,19,Clothing,0,0,37,0,57
14.59,15,Travel,0,1,97,1,33
240.27,1,Electronics,0,0,79,1,64
244.12,6,Travel,0,0,27,1,40
157.08,13,Clothing,0,0,80,0,67
36.79,10,Grocery,0,0,26,1,66
213.53,10,Grocery,0,0,89,1,52
69.21,12,Travel,0,0,91,2,60
592.39,21,Food,0,0,78,5,68
293.52,21,Grocery,0,0,80,4,45
161.78,22,Clothing,0,0,56,1,40
361.92,2,Clothing,0,1,52,1,34
112.54,19,Grocery,0,0,42,0,48
193.37,20,Travel,1,0,84,1,25
133.72,22,Clothing,0,0,26,3,38
23.91,11,Clothing,0,0,65,3,43
534.45,5,Grocery,0,0,61,2,64
74.27,12,Grocery,0,0,97,3,42
199.24,15,Clothing,0,1,76,1,55
33.57,9,Clothing,0,0,25,2,23
43.59,0,Grocery,0,0,50,1,54
482.68,17,Grocery,0,0,93,1,45
37.11,16,Grocery,0,0,68,2,26
280.0,7,Food,0,0,85,3,57
29.48,18,Travel,0,0,80,4,38
609.6,21,Food,0,0,56,1,50
130.83,22,Food,0,0,52,2,47
169.35,21,Grocery,0,0,54,4,21
83.83,16,Food,0,0,56,2,53
106.77,19,Clothing,0,0,73,2,35
13.55,20,Food,1,0,47,3,56
133.3,14,Food,0,0,44,1,18
364.38,7,Clothing,0,0,64,1,45
11.43,0,Clothing,0,0,93,3,19
0.71,17,Electronics,0,0,48,3,63
166.29,20,Clothing,0,0,46,2,21
42.41,4,Clothing,0,0,33,0,21
174.88,8,Electronics,0,0,33,5,59
39.29,2,Clothing,0,1,28,1,56
559.54,13,Clothing,0,0,50,4,30
63.22,11,Food,0,0,70,3,49
156.57,1,Food,0,0,27,1,26
340.33,17,Food,0,0,31,2,52
201.75,17,Electronics,0,0,29,4,34
145.26,13,Electronics,0,0,59,4,33
185.86,23,Grocery,0,0,74,4,34
628.03,3,Travel,0,0,62,3,35
174.86,10,Clothing,0,1,76,3,45
42.03,6,Grocery,0,0,85,4,69
308.29,0,Grocery,0,0,79,0,19
520.82,2,Clothing,0,0,88,3,37
39.75,6,Travel,0,1,95,2,36
353.26,16,Clothing,0,0,59,1,65
113.82,21,Clothing,1,0,97,0,29
21.78,0,Clothing,0,0,28,1,41
60.01,6,Grocery,0,0,72,3,43
449.06,21,Grocery,0,0,30,1,56
31.08,20,Grocery,0,1,54,3,40
76.29,18,Travel,1,0,32,0,35
284.5,6,Grocery,0,0,43,1,33
101.07,13,Travel,0,0,62,4,68
23.0,16,Grocery,0,0,83,4,24
210.3,22,Electronics,0,0,61,5,24
247.85,18,Food,0,0,46,4,59
9.58,13,Electronics,0,0,69,3,25
101.46,7,Grocery,0,0,46,3,32
209.52,13,Grocery,0,0,95,3,58
65.86,21,Electronics,0,1,66,3,47
140.81,6,Electronics,0,0,34,2,39
21.72,12,Grocery,0,0,56,2,54
57.94,3,Travel,0,0,37,3,30
94.0,20,Clothing,0,0,35,1,46
162.08,16,Electronics,1,0,33,1,43
172.84,12,Food,0,0,40,1,19
403.79,16,Clothing,0,0,81,1,29
43.68,20,Food,0,0,72,3,56
48.66,6,Clothing,0,0,36,1,19
114.0,5,Electronics,0,0,87,2,54
307.03,14,Food,0,0,43,2,67
272.58,4,Grocery,0,0,32,1,19
16.69,10,Electronics,0,0,34,3,26
275.15,18,Food,0,0,67,0,63
30.28,20,Travel,0,0,58,2,27
226.27,15,Electronics,0,0,52,3,53
49.49,2,Food,0,0,32,1,61
74.59,6,Clothing,0,0,42,3,33
22.02,13,Grocery,0,0,60,5,25
122.46,16,Grocery,0,0,86,4,29
150.6,2,Electronics,0,0,87,1,31
258.99,0,Clothing,0,0,61,2,28
256.14,11,Clothing,0,1,85,4,62
268.78,0,Electronics,0,0,79,1,63
747.99,6,Food,0,0,67,0,59
57.82,5,Electronics,0,0,57,0,22
186.02,16,Electronics,0,0,66,2,35
36.04,2,Clothing,0,0,72,1,48
243.25,6,Electronics,0,0,42,2,30
43.56,8,Clothing,0,0,38,1,21
48.67,1,Clothing,0,0,65,5,28
256.89,5,Food,0,0,36,4,68
27.01,21,Electronics,0,0,44,1,47
27.84,1,Travel,0,0,35,0,40
146.24,13,Travel,0,0,78,0,61
198.88,18,Food,0,0,46,3,62
15.94,7,Clothing,0,0,27,1,55
70.21,13,Food,0,0,95,3,30
67.11,12,Clothing,0,0,60,1,67
0.27,12,Travel,0,0,66,4,64
406.64,14,Food,0,1,96,2,42
63.68,8,Travel,0,0,68,1,53
35.65,5,Food,0,0,89,1,59
37.14,13,Clothing,0,0,33,1,60
266.81,9,Grocery,0,0,74,0,58
70.8,16,Electronics,0,0,28,2,43
19.83,11,Clothing,0,0,53,3,51
71.06,8,Grocery,0,0,41,4,29
28.49,9,Food,0,0,43,2,46
215.0,16,Clothing,1,0,51,0,51
212.55,5,Electronics,0,0,71,0,25
10.43,1,Travel,0,0,96,1,20
37.16,2,Travel,0,0,63,6,39
99.95,16,Food,0,0,42,0,54
3.81,23,Grocery,0,0,95,2,65
89.51,23,Clothing,1,0,30,3,52
54.79,5,Electronics,0,0,68,2,37
23.44,2,Clothing,0,0,54,3,39
21.46,2,Electronics,0,0,90,5,64
272.61,20,Travel,1,0,81,2,22
120.15,14,Travel,0,0,78,0,22
4.5,23,Food,0,0,77,1,50
105.69,16,Travel,0,0,48,2,48
44.83,12,Clothing,1,0,73,3,18
212.96,10,Travel,0,0,92,1,30
65.63,13,Electronics,0,0,72,1,24
29.73,15,Food,0,0,87,0,52
72.13,18,Clothing,0,0,28,2,23
358.45,8,Travel,0,0,49,3,32
310.5,15,Food,0,1,25,0,53
328.56,16,Electronics,0,0,67,3,18
619.69,21,Travel,0,0,66,3,65
334.41,14,Clothing,0,0,83,2,18
406.65,2,Grocery,0,0,65,1,60
219.83,23,Food,0,0,38,3,51
493.35,0,Electronics,0,0,75,2,26
104.96,20,Food,0,0,48,2,46
73.38,17,Clothing,0,0,42,0,43
250.83,19,Travel,0,0,35,1,42
14.57,22,Electronics,0,0,55,2,35
138.75,3,Grocery,0,0,49,3,57
233.78,16,Grocery,0,0,44,1,54
212.01,23,Food,0,0,28,2,21
145.89,9,Food,0,0,91,2,60
135.5,21,Grocery,0,0,59,1,27
91.94,7,Grocery,0,0,95,1,54
584.28,12,Clothing,0,0,97,2,45
23.54,20,Travel,0,0,39,1,35
279.31,15,Electronics,1,0,48,1,25
2.49,18,Clothing,0,0,94,3,61
485.6,6,Electronics,0,0,93,3,50
186.72,16,Clothing,0,0,59,2,58
134.18,14,Clothing,0,0,33,5,60
59.38,0,Food,0,0,35,0,62
140.93,2,Electronics,0,0,47,1,37
157.77,2,Electronics,0,0,51,4,35
27.61,13,Clothing,0,1,77,0,41
286.52,5,Clothing,0,1,81,5,54
27.15,5,Clothing,0,1,39,3,65
0.91,3,Food,0,0,60,2,59
173.5,13,Electronics,0,0,34,0,63
350.31,9,Clothing,0,0,82,1,29
81.62,18,Grocery,0,0,52,1,27
133.06,23,Clothing,0,0,55,1,29
365.13,9,Travel,0,0,85,3,50
118.85,4,Electronics,0,0,43,0,42
167.52,5,Clothing,0,0,65,2,32
17.26,13,Electronics,0,0,33,4,55
86.1,8,Electronics,0,0,51,2,50
97.77,7,Grocery,0,0,92,5,53
294.25,6,Travel,0,0,46,2,44
90.74,23,Grocery,0,0,37,0,51
403.86,1,Clothing,0,0,38,1,32
97.53,10,Travel,0,0,91,1,49
484.59,21,Grocery,0,0,88,1,32
92.84,14,Food,0,0,36,1,66
37.79,4,Travel,0,0,30,2,54
41.49,9,Electronics,0,0,51,0,23
9.66,7,Food,0,0,52,2,20
6.01,22,Electronics,0,0,50,3,33
44.19,16,Clothing,0,0,43,0,68
497.51,11,Electronics,0,0,98,2,20
58.34,22,Grocery,0,0,61,3,41
570.53,8,Travel,1,0,50,3,36
144.46,18,Food,0,1,81,4,51
257.65,3,Electronics,0,0,46,2,40
37.75,2,Grocery,0,0,33,2,22
293.05,14,Grocery,0,0,64,4,65
143.42,9,Grocery,0,1,84,1,22
249.72,18,Clothing,0,0,46,6,44
79.81,14,Food,0,0,98,1,52
36.51,21,Grocery,0,0,63,1,49
591.73,17,Food,0,0,31,1,65
671.93,14,Travel,0,0,67,4,63
405.89,9,Food,0,0,65,1,56
11.18,4,Travel,0,0,72,1,59
107.58,23,Travel,0,0,89,2,28
41.93,1,Clothing,0,0,46,0,65
188.56,22,Travel,0,0,89,3,25
531.68,21,Food,0,0,73,2,57
52.9,12,Travel,1,0,89,2,59
190.15,9,Clothing,0,0,68,1,62
5.98,12,Grocery,1,0,34,2,39
133.14,21,Electronics,0,0,80,2,22
33.83,12,Grocery,0,0,44,1,31
39.84,12,Electronics,0,0,79,3,47
57.69,19,Food,0,0,96,1,62
99.12,18,Clothing,0,1,66,1,66
46.66,5,Travel,0,0,76,1,36
97.25,5,Travel,1,0,42,1,32
33.65,9,Grocery,0,0,51,2,65
4.63,12,Grocery,0,0,85,0,64
70.22,0,Clothing,0,0,53,0,40
533.65,11,Grocery,1,0,32,0,54
334.05,16,Grocery,0,0,66,3,23
279.99,22,Clothing,1,0,71,5,21
1.81,12,Food,0,0,44,4,68
94.09,18,Electronics,0,1,60,1,50
132.03,10,Electronics,0,0,70,2,61
357.94,12,Electronics,0,0,83,3,50
205.43,10,Food,1,0,76,3,67
41.86,16,Electronics,0,0,58,1,33
1185.07,0,Travel,1,0,98,3,50
218.44,14,Electronics,0,0,46,2,30
273.12,9,Travel,0,0,43,6,46
325.23,20,Clothing,1,0,78,3,44
30.5,18,Clothing,0,0,60,0,66
181.05,16,Travel,0,0,78,0,67
128.94,21,Clothing,0,1,36,3,21
25.13,8,Grocery,0,0,93,3,61
69.63,2,Food,0,0,57,0,47
124.09,15,Clothing,0,0,54,5,62
145.63,20,Grocery,0,0,69,0,65
196.06,1,Clothing,0,0,51,2,21
4.09,17,Food,0,0,79,1,59
79.07,12,Travel,0,0,83,1,32
160.67,5,Grocery,0,0,87,3,45
166.36,0,Grocery,0,1,99,0,39
316.12,5,Electronics,0,0,53,4,18
10.58,18,Food,0,0,51,2,39
126.89,2,Food,1,0,69,0,54
194.72,10,Food,0,0,48,4,52
371.5,2,Food,0,0,52,3,32
1.75,18,Electronics,0,0,52,2,65
0.04,21,Electronics,0,0,56,3,37
64.61,17,Food,0,0,30,1,34
81.85,13,Clothing,0,0,53,1,62
236.13,14,Food,0,0,79,2,22
95.77,8,Clothing,0,0,46,1,21
48.96,14,Food,0,0,75,2,22
194.57,5,Electronics,0,0,70,2,37
315.67,23,Travel,0,0,61,5,23
120.38,21,Travel,0,0,42,6,64
9.75,1,Travel,0,0,92,1,59
220.09,23,Travel,1,0,92,4,33
60.86,0,Food,0,0,63,1,28
47.3,10,Grocery,0,0,79,4,64
97.94,3,Grocery,0,0,68,5,40
174.39,16,Clothing,0,0,58,0,28
20.56,14,Grocery,0,0,47,3,36
172.8,0,Food,0,1,51,3,56
241.83,19,Electronics,1,0,35,5,25
298.86,19,Clothing,0,0,99,1,66
25.39,6,Electronics,0,0,81,2,56
66.18,0,Grocery,0,0,68,3,46
13.29,23,Travel,0,1,60,6,21
73.59,7,Food,0,0,44,6,22
212.66,6,Food,0,0,34,2,22
34.3,14,Clothing,0,0,29,1,20
12.3,10,Travel,0,0,37,1,62
6.89,3,Food,0,0,57,3,45
69.97,3,Food,0,0,27,2,61
128.61,23,Travel,0,0,35,1,53
26.11,0,Food,0,1,87,0,52
63.16,3,Electronics,0,0,41,3,46
198.16,14,Grocery,0,0,26,2,56
253.37,7,Grocery,0,0,70,5,64
30.63,23,Clothing,0,0,48,0,36
64.52,21,Grocery,0,1,62,1,60
89.52,17,Food,0,0,43,1,28
225.39,1,Travel,0,0,54,2,29
47.56,10,Electronics,0,0,62,6,22
350.12,10,Electronics,0,0,83,1,38
307.41,0,Grocery,0,1,92,1,26
25.32,18,Grocery,0,0,51,0,69
236.82,9,Food,0,0,87,1,49
139.76,12,Travel,1,0,33,3,52
37.55,13,Electronics,0,0,56,3,42
233.09,14,Clothing,0,0,40,2,67
6.61,4,Travel,0,0,40,1,59
97.34,14,Clothing,0,0,65,2,62
403.19,6,Food,0,0,86,2,28
158.64,14,Travel,0,0,47,3,33
38.08,0,Food,0,0,76,1,43
60.97,19,Food,0,1,84,0,68
97.72,14,Clothing,0,0,52,3,42
73.69,17,Electronics,0,0,95,1,39
33.28,10,Food,0,0,53,3,69
193.68,14,Travel,0,0,42,0,68
45.34,19,Grocery,0,0,56,5,52
33.8,6,Food,0,0,74,3,24
20.07,22,Grocery,0,0,76,1,35
97.84,13,Electronics,0,0,88,3,30
127.22,19,Grocery,0,0,27,4,24
209.73,18,Electronics,0,0,98,0,60
253.13,13,Clothing,0,0,25,4,58
283.25,20,Food,0,0,97,3,38
440.13,19,Travel,0,0,70,4,24
157.97,3,Clothing,0,0,53,2,59
31.59,5,Clothing,0,0,42,1,29
94.73,15,Clothing,0,0,49,2,50
425.82,2,Travel,0,0,66,5,30
170.34,5,Travel,0,0,67,2,41
148.66,10,Grocery,0,0,64,0,61
104.51,7,Food,0,0,52,3,62
12.22,18,Grocery,0,0,58,3,57
82.53,19,Grocery,1,0,47,3,56
249.26,9,Clothing,0,0,98,2,21
53.15,9,Grocery,0,0,49,2,49
211.54,16,Travel,0,0,30,2,43
5.7,3,Electronics,0,0,76,2,58
70.27,19,Travel,0,0,88,2,22
488.87,9,Travel,0,0,82,0,27
34.58,3,Food,0,0,62,1,68
143.96,12,Clothing,0,0,42,2,30
72.45,19,Grocery,0,0,41,2,41
98.48,16,Clothing,0,0,37,3,46
554.44,22,Travel,0,0,52,1,48
32.14,19,Grocery,0,0,89,4,31
241.4,1,Travel,0,0,33,3,56
70.31,23,Travel,0,0,49,4,58
75.08,13,Food,0,0,65,0,25
150.01,17,Grocery,0,0,82,1,53
110.89,23,Grocery,0,0,82,1,24
96.86,8,Clothing,0,0,34,3,29
3.48,15,Grocery,1,1,56,2,26
236.42,9,Food,0,0,66,2,56
5.7,13,Travel,0,0,96,3,61
89.43,3,Grocery,0,0,66,1,46
125.46,18,Grocery,0,0,39,3,53
258.19,21,Food,0,0,41,0,23
213.88,12,Travel,1,0,52,5,69
46.68,22,Travel,1,0,50,3,18
69.57,12,Electronics,0,0,82,3,30
210.64,18,Food,0,0,60,3,52
21.96,22,Clothing,0,0,32,2,44
316.35,14,Clothing,0,0,77,2,35
5.56,9,Travel,1,0,45,1,68
7.36,4,Food,0,0,44,4,25
141.53,8,Food,0,0,95,2,60
35.72,18,Electronics,0,0,67,2,50
152.87,10,Food,0,0,84,3,59
577.5,10,Grocery,0,0,32,3,52
45.01,9,Grocery,0,0,53,2,18
34.54,7,Electronics,0,0,49,1,37
269.78,19,Grocery,0,1,97,1,68
338.27,12,Travel,0,0,56,5,19
57.63,22,Food,1,0,91,1,65
40.86,23,Food,0,0,62,3,35
167.55,17,Travel,0,0,68,3,64
160.41,0,Food,0,0,58,0,39
234.11,23,Electronics,0,0,34,2,60
52.51,14,Clothing,1,0,51,3,59
313.79,13,Food,0,0,97,4,46
59.29,17,Grocery,1,1,29,4,44
49.88,6,Travel,0,0,79,2,20
166.9,9,Travel,0,0,63,1,27
96.74,3,Travel,0,0,26,0,28
154.88,19,Electronics,0,0,89,2,68
175.13,12,Grocery,0,0,73,1,55
143.27,12,Clothing,0,0,33,0,36
39.9,8,Electronics,0,0,95,3,30
14.67,22,Electronics,0,0,73,2,26
292.86,5,Food,1,0,39,4,47
75.5,18,Grocery,0,0,27,1,60
341.86,14,Travel,0,0,73,3,45
89.24,11,Food,0,0,28,0,37
189.42,17,Electronics,0,0,35,3,59
298.73,9,Travel,1,0,87,3,22
142.32,2,Food,1,0,62,5,46
52.61,9,Electronics,0,0,81,5,43
105.2,16,Electronics,1,0,88,1,44
125.77,2,Travel,0,0,54,1,26
8.33,23,Electronics,0,0,49,3,55
223.04,8,Food,0,0,57,2,61
398.39,3,Clothing,0,0,44,1,69
88.13,13,Clothing,0,0,76,4,21
129.32,21,Travel,0,0,50,1,34
518.11,14,Grocery,0,0,71,4,47
122.11,3,Electronics,0,0,67,3,46
290.03,2,Travel,0,0,86,1,39
172.78,23,Travel,0,0,83,0,33
449.41,15,Grocery,0,0,43,2,46
128.81,23,Electronics,0,0,65,0,61
77.12,20,Travel,0,0,50,0,66
152.59,16,Clothing,0,0,81,1,21
98.13,17,Travel,0,0,27,3,42
12.99,17,Electronics,0,0,57,2,31
62.53,0,Food,0,0,96,3,53
82.36,23,Travel,0,1,41,0,43
224.07,9,Grocery,0,0,42,1,23
67.81,22,Clothing,0,0,85,0,47
64.79,13,Electronics,0,0,43,1,53
112.23,11,Travel,0,0,66,3,48
28.71,3,Travel,0,0,67,2,39
257.52,7,Travel,0,0,65,1,36
79.43,5,Grocery,0,0,85,2,29
67.27,14,Grocery,0,0,43,1,42
161.05,14,Grocery,0,1,62,6,19
165.42,6,Grocery,0,0,86,4,61
108.02,9,Grocery,0,0,92,2,69
44.51,3,Food,0,0,65,3,61
288.25,6,Clothing,0,0,27,0,28
0.07,17,Clothing,0,0,89,4,42
24.37,0,Electronics,0,0,76,4,39
15.75,21,Food,0,0,27,2,64
364.46,22,Electronics,0,0,86,1,33
237.96,19,Electronics,0,0,49,0,59
341.9,15,Travel,0,0,65,4,40
132.42,2,Grocery,0,0,92,2,27
288.94,3,Grocery,0,0,90,7,45
80.63,12,Food,0,0,42,3,51
430.28,10,Clothing,0,0,91,2,28
67.53,21,Clothing,0,0,56,1,45
14.75,6,Food,1,0,66,3,36
354.84,13,Travel,0,0,57,4,47
418.94,14,Grocery,0,0,94,1,63
118.23,5,Clothing,0,0,70,3,40
62.12,8,Travel,0,0,72,3,32
129.37,11,Travel,0,0,30,3,33
7.46,23,Clothing,0,0,39,3,20
108.91,20,Travel,0,0,52,2,34
199.96,19,Clothing,0,0,27,1,22
273.66,17,Travel,0,0,78,5,47
167.49,7,Grocery,0,0,58,3,31
64.8,0,Clothing,0,0,95,1,35
59.37,20,Clothing,1,0,75,4,27
267.02,16,Clothing,0,0,80,2,33
332.74,11,Electronics,0,0,81,3,63
107.47,22,Grocery,0,1,46,0,23
39.38,5,Grocery,0,0,46,2,46
124.03,3,Travel,0,0,34,1,36
106.99,22,Grocery,0,0,78,1,56
388.8,3,Clothing,1,1,31,0,61
105.03,13,Clothing,0,0,33,1,25
215.42,23,Electronics,0,1,81,3,65
164.62,9,Grocery,0,0,53,2,67
141.7,12,Electronics,0,0,86,2,31
131.14,7,Travel,0,0,32,1,58
96.45,5,Food,0,0,93,0,50
159.77,9,Grocery,0,0,69,2,27
507.11,8,Clothing,0,0,88,0,45
269.96,22,Food,0,0,58,1,50
241.2,6,Grocery,0,0,55,0,26
13.47,8,Clothing,1,0,70,1,22
138.1,22,Food,0,0,77,1,48
22.88,1,Food,0,0,36,2,23
120.71,10,Food,0,0,42,1,33
19.47,4,Grocery,0,0,69,2,47
211.9,18,Electronics,0,0,29,2,65
49.85,15,Clothing,0,0,58,2,55
487.3,2,Food,0,0,59,2,56
490.75,2,Food,0,0,30,3,44
20.2,18,Clothing,0,0,28,5,32
52.02,8,Travel,0,0,65,2,53
373.93,9,Food,0,0,49,1,30
69.73,22,Grocery,0,0,71,0,39
200.69,6,Food,0,1,71,0,21
360.54,12,Clothing,0,0,36,3,55
172.72,4,Travel,0,0,25,1,28
16.06,19,Travel,0,0,80,1,63
85.28,9,Electronics,0,0,33,2,65
140.1,4,Clothing,0,0,68,1,33
488.21,1,Electronics,0,1,25,1,33
36.19,16,Clothing,0,0,69,2,36
100.61,19,Electronics,0,0,68,3,44
75.43,18,Food,0,0,54,2,42
80.85,22,Clothing,1,0,93,3,43
175.28,23,Electronics,0,0,53,2,48
39.32,16,Clothing,1,0,57,5,33
165.66,1,Travel,0,0,29,3,64
75.01,20,Electronics,0,0,42,1,24
345.54,12,Food,1,0,55,3,44
382.96,8,Grocery,0,0,70,4,40
66.22,9,Travel,1,0,93,3,59
21.9,12,Travel,0,0,83,2,49
166.96,6,Travel,0,0,48,0,30
42.22,12,Electronics,0,0,61,2,55
90.33,22,Electronics,0,0,69,5,68
0.56,2,Travel,0,0,44,4,43
42.99,15,Grocery,0,0,49,3,19
454.72,21,Travel,0,0,40,3,42
111.14,10,Grocery,0,0,77,1,31
48.03,20,Travel,0,0,84,1,38
145.38,21,Electronics,0,0,60,1,51
67.24,4,Food,0,0,50,2,46
30.79,0,Food,0,0,57,1,60
112.23,18,Food,0,0,56,1,33
81.29,21,Electronics,0,0,82,4,48
11.45,2,Travel,0,0,58,1,49
20.44,6,Grocery,0,0,53,3,25
188.78,22,Travel,0,0,58,2,27
109.47,17,Grocery,0,0,65,2,68
422.11,0,Clothing,0,0,58,6,52
499.21,16,Food,0,0,54,2,66
485.39,22,Food,0,0,35,1,59
416.2,0,Travel,1,0,30,2,52
70.86,23,Travel,0,0,90,1,54
90.49,18,Food,0,0,48,2,45
19.12,2,Travel,0,1,85,2,56
31.25,21,Electronics,0,0,60,2,54
26.37,12,Clothing,0,0,29,0,65
111.81,3,Travel,0,0,59,1,49
26.81,3,Electronics,0,0,81,2,54
113.03,15,Electronics,0,0,96,2,67
77.5,21,Food,0,0,44,1,19
292.49,12,Grocery,0,0,39,1,26
71.29,5,Electronics,0,0,84,1,46
717.43,23,Electronics,0,0,84,2,54
90.8,23,Clothing,0,0,86,1,24
12.38,4,Grocery,0,0,28,0,40
703.4,14,Food,0,0,96,2,35
300.65,13,Food,0,0,73,0,42
152.68,0,Travel,0,0,67,2,29
335.24,4,Grocery,0,0,38,1,43
592.8,14,Grocery,1,0,29,2,49
4.68,3,Food,0,0,97,3,57
232.38,8,Grocery,0,0,48,2,20
7.34,1,Food,0,1,32,1,34
52.07,16,Grocery,0,1,89,1,37
357.5,4,Food,0,0,77,1,35
4.63,1,Grocery,1,0,79,1,60
155.45,11,Electronics,0,0,46,0,52
135.02,22,Travel,0,0,55,0,24
44.74,8,Grocery,0,0,98,2,55
464.38,10,Food,0,0,43,2,30
0.11,1,Food,0,1,25,1,20
52.91,17,Food,0,0,98,1,40
94.33,7,Grocery,0,0,41,2,67
460.19,14,Travel,0,0,38,4,20
139.14,13,Clothing,0,0,90,0,21
25.63,1,Electronics,0,0,39,3,45
51.43,13,Clothing,0,0,60,0,62
213.63,1,Travel,0,1,56,3,60
13.52,14,Grocery,0,1,28,3,22
6.63,7,Grocery,0,0,50,3,33
101.29,19,Grocery,0,1,55,3,32
268.69,8,Electronics,0,0,55,1,48
125.31,5,Clothing,0,0,85,3,18
24.44,18,Travel,0,0,79,3,69
118.4,2,Clothing,0,0,78,2,24
391.81,16,Food,0,0,52,2,24
29.56,22,Grocery,0,0,75,2,50
52.86,19,Food,0,1,95,1,29
201.42,5,Electronics,0,0,99,3,50
225.37,14,Travel,1,0,66,1,28
179.52,17,Grocery,0,0,36,4,44
128.4,1,Travel,1,0,35,3,29
193.74,4,Clothing,0,0,35,4,41
83.76,11,Travel,0,0,59,1,69
440.73,0,Travel,0,0,67,2,30
126.5,3,Clothing,0,0,92,1,38
9.58,14,Grocery,0,0,54,3,59
7.79,20,Grocery,0,0,88,4,46
173.27,3,Electronics,0,0,76,2,40
88.28,16,Clothing,0,0,77,0,48
123.5,15,Food,0,0,75,4,56
299.46,14,Clothing,0,0,34,2,54
56.53,20,Clothing,0,0,58,3,29
235.48,15,Grocery,0,0,67,4,62
41.71,7,Grocery,0,0,40,3,48
57.77,8,Food,0,0,70,1,50
2.17,19,Clothing,0,0,97,3,41
349.44,4,Travel,0,0,84,5,55
49.79,7,Electronics,0,0,93,3,54
349.74,1,Grocery,0,0,90,1,60
160.77,15,Food,0,0,68,2,43
167.24,21,Food,1,0,57,2,44
6.4,10,Travel,0,0,30,2,61
92.63,21,Electronics,0,0,45,3,35
292.97,7,Food,0,0,75,3,41
282.8,2,Food,0,0,42,2,53
357.75,2,Clothing,1,0,47,0,20
274.8,2,Food,0,0,48,1,52
38.02,22,Food,0,0,75,1,55
32.99,13,Travel,0,0,69,2,61
80.2,3,Food,0,0,53,2,67
334.62,13,Travel,0,0,63,0,44
19.84,19,Travel,0,0,65,4,64
51.67,4,Travel,0,0,82,2,52
612.43,17,Food,0,0,51,0,27
344.56,4,Food,0,0,95,2,32
93.2,17,Grocery,0,0,52,3,68
285.32,15,Travel,1,0,94,0,34
81.23,0,Electronics,0,0,79,2,40
370.59,20,Grocery,0,0,89,2,55
87.08,2,Electronics,0,0,78,2,68
114.23,20,Grocery,0,0,96,4,54
50.77,17,Food,0,0,97,1,57
611.98,13,Grocery,1,1,31,0,53
208.89,20,Electronics,1,0,80,0,42
91.24,3,Electronics,0,0,76,2,54
82.92,23,Electronics,1,0,49,2,41
73.51,3,Food,0,0,47,2,42
78.97,15,Travel,1,0,29,3,48
145.36,5,Food,0,0,58,0,21
34.65,1,Travel,1,0,68,0,55
135.77,21,Grocery,1,0,89,4,31
658.29,5,Clothing,0,0,47,0,58
12.29,19,Clothing,0,0,35,1,26
39.26,11,Clothing,1,1,34,3,45
72.81,20,Electronics,1,0,57,0,42
237.51,19,Travel,1,0,87,2,39
279.59,12,Travel,0,0,58,1,62
7.76,13,Clothing,0,0,79,3,59
94.84,14,Travel,0,0,28,0,64
171.39,4,Clothing,0,0,55,2,31
118.81,16,Food,0,0,76,2,60
294.35,9,Clothing,0,0,32,1,49
161.55,21,Travel,0,0,51,1,29
431.4,6,Clothing,0,0,85,0,49
16.19,12,Food,0,0,73,2,66
224.44,17,Travel,0,0,63,1,48
12.41,5,Grocery,1,0,90,1,50
361.12,6,Travel,0,0,70,3,63
9.1,13,Grocery,0,0,65,3,37
78.16,6,Grocery,1,0,80,1,62
36.88,19,Grocery,0,0,77,1,66
351.26,2,Food,0,0,84,1,65
120.17,0,Clothing,0,0,61,1,67
47.76,13,Travel,0,0,29,6,66
125.38,16,Food,0,0,44,1,44
129.15,23,Food,0,0,27,1,36
58.36,21,Food,0,1,55,4,27
94.23,6,Electronics,0,0,36,1,33
562.43,8,Clothing,0,0,57,3,56
524.43,21,Clothing,0,0,50,1,32
114.98,19,Electronics,0,0,90,2,32
140.31,5,Food,0,1,98,4,19
7.01,8,Clothing,0,0,63,1,45
335.06,7,Food,0,0,89,0,36
151.7,2,Travel,0,0,77,1,42
85.56,7,Food,0,0,49,4,69
179.68,14,Electronics,0,0,68,1,22
77.61,8,Grocery,0,0,44,2,65
47.63,22,Food,0,0,86,3,40
3.31,4,Food,1,0,33,1,34
22.6,17,Clothing,0,0,61,3,65
614.72,8,Grocery,1,0,36,6,43
0.97,20,Clothing,0,0,87,1,56
24.0,23,Grocery,0,0,65,2,53
28.54,6,Travel,0,0,67,0,39
431.84,5,Grocery,1,0,81,3,19
425.5,22,Electronics,0,0,65,4,45
58.79,16,Clothing,0,0,89,1,27
871.18,6,Food,0,0,76,3,58
21.63,4,Electronics,0,1,43,1,59
296.08,9,Electronics,0,0,79,1,56
214.98,22,Food,0,0,68,0,23
79.2,15,Clothing,0,0,80,2,21
802.54,13,Travel,0,0,46,4,54
290.58,5,Electronics,0,0,76,5,69
108.12,8,Food,0,0,68,0,56
102.12,9,Food,0,0,48,1,32
99.42,6,Grocery,0,0,67,1,40
116.59,7,Travel,0,0,78,0,23
195.86,2,Grocery,1,0,52,1,51
108.33,22,Clothing,0,0,84,3,31
10.11,6,Electronics,0,0,81,0,51
151.72,23,Clothing,1,1,86,1,25
40.28,5,Grocery,0,0,73,2,19
166.91,21,Travel,0,0,92,4,35
86.38,12,Clothing,1,0,56,4,26
287.4,16,Grocery,0,0,83,2,41
130.31,14,Travel,0,0,44,1,55
8.76,23,Electronics,0,0,99,4,50
234.49,21,Clothing,0,0,54,2,46
289.7,14,Clothing,0,0,79,2,30
162.03,15,Travel,0,1,55,4,53
20.58,12,Electronics,0,0,98,1,58
341.0,2,Food,0,0,93,2,22
2.05,4,Travel,1,0,28,0,25
35.54,18,Food,0,0,73,4,63
204.85,22,Electronics,0,0,25,2,47
40.2,10,Grocery,1,1,38,4,59
454.89,0,Food,0,0,27,2,48
222.23,12,Grocery,0,0,86,1,53
257.31,17,Travel,0,0,55,3,59
122.97,17,Electronics,0,0,28,0,21
77.22,12,Electronics,0,0,26,1,20
166.65,6,Clothing,0,0,91,0,63
206.53,10,Food,0,0,58,3,34
297.82,12,Travel,0,0,51,0,63
195.16,16,Travel,0,0,28,0,69
151.48,9,Grocery,0,0,63,1,29
201.88,23,Travel,0,0,97,0,38
892.23,17,Electronics,0,0,87,1,59
248.28,11,Electronics,0,0,69,0,69
306.09,17,Travel,0,0,88,3,66
46.74,16,Grocery,0,0,66,1,35
264.86,21,Travel,0,0,84,3,66
92.56,2,Travel,0,0,51,3,57
9.76,3,Food,0,0,43,0,40
159.51,6,Clothing,0,0,27,2,67
39.52,12,Electronics,0,0,60,3,64
106.95,2,Food,1,0,64,4,47
18.79,5,Food,0,0,95,0,69
23.4,1,Electronics,0,1,95,5,23
266.31,12,Grocery,0,0,82,2,31
112.7,11,Travel,0,0,30,0,46
148.25,23,Clothing,0,0,78,2,18
248.21,10,Electronics,0,0,26,0,36
540.6,1,Travel,0,0,96,1,40
257.1,10,Food,0,0,84,5,49
34.93,16,Travel,0,0,80,4,46
119.05,18,Food,0,0,94,1,27
861.89,14,Travel,0,0,50,2,61
19.12,3,Clothing,0,0,50,3,48
274.15,7,Food,0,0,58,3,45
23.52,16,Clothing,1,0,59,0,60
20.19,7,Grocery,0,0,82,2,40
297.19,19,Clothing,0,0,83,1,52
367.38,12,Food,1,0,26,3,33
224.84,7,Electronics,0,0,56,0,31
323.59,23,Grocery,0,0,41,4,28
76.63,10,Grocery,0,0,60,2,53
93.86,15,Food,0,1,69,1,67
221.11,14,Electronics,0,0,39,3,38
318.09,9,Electronics,0,0,29,1,46
170.73,7,Food,0,0,90,1,61
73.44,10,Electronics,0,0,44,0,42
87.1,9,Grocery,0,0,64,2,53
137.75,9,Food,0,0,25,3,36
224.91,7,Grocery,0,0,48,3,65
125.9,2,Clothing,1,0,51,0,33
29.23,0,Grocery,1,0,25,2,58
260.24,0,Grocery,0,0,62,2,66
618.78,7,Clothing,0,0,42,0,48
119.55,13,Food,0,1,80,1,53
50.98,8,Electronics,1,0,52,6,62
627.04,12,Clothing,0,0,26,2,34
102.4,4,Travel,0,0,25,5,48
79.72,6,Food,0,0,57,2,56
46.98,5,Electronics,0,0,73,1,53
38.82,11,Grocery,0,0,57,0,63
91.23,1,Clothing,1,0,97,2,67
354.06,6,Electronics,0,0,25,3,56
237.43,7,Clothing,0,0,97,1,36
142.37,5,Electronics,0,0,68,3,47
38.85,19,Food,0,1,44,3,40
10.13,20,Clothing,0,0,58,3,36
487.1,19,Travel,0,0,83,6,67
268.92,5,Grocery,0,0,46,1,50
374.82,15,Food,1,0,76,1,32
15.85,8,Clothing,0,0,88,1,30
